"List of plants for wind, United States, all sectors"
"https://www.eia.gov/electricity/data/browser/#/topic/1?agg=2,0,1&fuel=008&geo=g&sec=g&freq=A&datecode=2019&rtype=s&pin=&rse=0&maptype=0&ltype=pin&ctype=linechart&end=202003&start=200101"
"Wed Jun 10 2020 09:54:52 GMT-0400 (EDT)"
"Source: U.S. Energy Information Administration"
"Plant Name","Plant Code","State","Sector Name","Prime Movers","Fuel Types"
"85 A",52162,"CA","Electric utility non-cogen","WT","WND"
"85 B",52163,"CA","Electric utility non-cogen","WT","WND"
"Adair Wind Farm",56810,"IA","Electric utility","WT","WND"
"Adams Wind",59637,"IA","Electric utility","WT","WND"
"Adams Wind Farm",56307,"MN","Electric utility non-cogen","WT","WND"
"Adams Wind Generations LLC",57375,"MN","Electric utility non-cogen","WT","WND"
"Aeolus Wind Facility",56225,"TX","Electric utility non-cogen","WT","WND"
"Agassiz Beach LLC",55576,"MN","Electric utility non-cogen","WT","WND"
"Agriwind",56408,"IL","Electric utility non-cogen","WT","WND"
"Ainsworth Wind",56162,"NE","Electric utility","WT","WND"
"Alexander Wind Farm LLC",58666,"KS","Electric utility non-cogen","WT","WND"
"Allegheny Ridge Wind Farm",56451,"PA","Electric utility non-cogen","WT","WND"
"Allendorf",56215,"IA","Electric utility non-cogen","WT","WND"
"Alta Wind Energy Center I",57282,"CA","Electric utility non-cogen","WT","WND"
"Alta Wind Energy Center II",57291,"CA","Electric utility non-cogen","WT","WND"
"Alta Wind Energy Center III",57292,"CA","Electric utility non-cogen","WT","WND"
"Alta Wind Energy Center IV",57293,"CA","Electric utility non-cogen","WT","WND"
"Alta Wind Energy Center V",57294,"CA","Electric utility non-cogen","WT","WND"
"Alta Wind VIII",57835,"CA","Electric utility non-cogen","WT","WND"
"Alta Wind X",58394,"CA","Electric utility non-cogen","WT","WND"
"Alta Wind XI",58395,"CA","Electric utility non-cogen","WT","WND"
"Altech III",50485,"CA","Electric utility non-cogen","WT","WND"
"Anacacho Wind Farm, LLC",58000,"TX","Electric utility non-cogen","WT","WND"
"Anchor Wind, LLC",58044,"IA","Electric utility non-cogen","WT","WND"
"Anderson Wind I",58939,"NM","Electric utility non-cogen","WT","WND"
"Anderson Wind II",58940,"NM","Electric utility non-cogen","WT","WND"
"Anheuser-Busch #2",59331,"CA","Industrial non-cogen","WT","WND"
"Antrim Wind",59953,"NH","Electric utility non-cogen","WT","WND"
"Apple Blossom Wind Farm",58690,"MI","Electric utility non-cogen","WT","WND"
"Aragonne Wind LLC",56336,"NM","Electric utility non-cogen","WT","WND"
"Arbor Hill Wind Farm",62132,"IA","Electric utility","WT","WND"
"Arbuckle Mountain Wind Farm LLC",59234,"OK","Electric utility non-cogen","WT","WND"
"Arkwright Summit Wind Farm LLC",61673,"NY","Electric utility non-cogen","WT","WND"
"Arlington Wind Power Project",56855,"OR","Electric utility non-cogen","WT","WND"
"Armadillo Flats Wind Project, LLC",61926,"OK","Electric utility non-cogen","WT","WND"
"Armenia Mountain Wind Farm",57044,"PA","Electric utility non-cogen","WT","WND"
"Ashtabula Wind Energy Center",57032,"ND","Electric utility","WT","WND"
"Ashtabula Wind II LLC",57121,"ND","Electric utility non-cogen","WT","WND"
"Ashtabula Wind III LLC",57387,"ND","Electric utility non-cogen","WT","WND"
"Astra Wind Farm",60856,"TX","Electric utility non-cogen","WT","WND"
"August Wind Farm",61644,"IA","Electric utility non-cogen","WT","WND"
"Aurora County Wind",61745,"SD","Electric utility non-cogen","WT","WND"
"Autumn Hills LLC",55566,"MN","Electric utility non-cogen","WT","WND"
"Auwahi Wind Energy Hybrid",57996,"HI","Electric utility non-cogen","WT","WND"
"B&K Energy Systems LLC",56210,"MN","Electric utility non-cogen","WT","WND"
"BC Energy LLC",56624,"MN","Electric utility non-cogen","WT","WND"
"Baffin Wind",57927,"TX","Electric utility non-cogen","WT","WND"
"Baldwin Wind LLC",57347,"ND","Electric utility non-cogen","WT","WND"
"Balko Wind LLC",58900,"OK","Electric utility non-cogen","WT","WND"
"Barton Chapel Wind Farm",57156,"TX","Electric utility non-cogen","WT","WND"
"Barton Windpower LLC",56765,"IA","Electric utility non-cogen","WT","WND"
"Bay Windpower I",55944,"MI","Electric utility non-cogen","WT","WND"
"BayWa r.e Mozart LLC",58048,"TX","Electric utility non-cogen","WT","WND"
"Bayonne MUA- Leitner-Poma Wind Turbine",59797,"NJ","Electric utility non-cogen","WT","WND"
"Bearkat",59972,"TX","Electric utility non-cogen","WT","WND"
"Beaver Creek II Wind",62134,"IA","Electric utility","WT","WND"
"Beaver Creek Wind",61079,"IA","Electric utility","WT","WND"
"Beaver Ridge Wind",57130,"ME","Electric utility non-cogen","WT","WND"
"Beebe 1A",58020,"MI","Electric utility non-cogen","WT","WND"
"Beebe 1B",58908,"MI","Electric utility non-cogen","WT","WND"
"Beech Ridge Energy LLC",57151,"WV","Electric utility non-cogen","WT","WND"
"Beethoven Wind",59187,"SD","Electric utility","WT","WND"
"Bennett Creek Windfarm LLC - Mountain Home",56637,"ID","Electric utility non-cogen","WT","WND"
"Benson Creek Windfarm (Burnt River)",59491,"OR","Electric utility non-cogen","WT","WND"
"Bent Tree Wind Farm Phase 1",57198,"MN","Electric utility","WT","WND"
"Benton County Wind Farm",56679,"IN","Electric utility non-cogen","WT","WND"
"Berkshire Wind Power Project",57721,"MA","Electric utility","WT","WND"
"Bethel Wind Farm LLC",60414,"TX","Electric utility non-cogen","WT","WND"
"Big Blue",57289,"MN","Electric utility non-cogen","WT","WND"
"Big Horn Wind II",57319,"WA","Electric utility non-cogen","WT","WND"
"Big Horn Wind Project",56361,"WA","Electric utility non-cogen","WT","WND"
"Big Level Wind",60551,"PA","Electric utility non-cogen","WT","WND"
"Big Sky Wind LLC",57135,"IL","Electric utility non-cogen","WT","WND"
"Big Spring Wind Power Facility",54979,"TX","Electric utility non-cogen","WT","WND"
"Big Timber Wind Farm",61155,"MT","Electric utility non-cogen","WT","WND"
"Big Top LLC",56968,"OR","Electric utility non-cogen","WT","WND"
"Big Turtle Wind Farm, LLC",58891,"MI","Electric utility non-cogen","WT","WND"
"Biglow Canyon Wind Farm",56485,"OR","Electric utility","WT","WND"
"Bingham Wind",57531,"ME","Electric utility non-cogen","WT","WND"
"Birch",62172,"IA","Electric utility non-cogen","WT","WND"
"Bishop Hill Energy LLC",57463,"IL","Electric utility non-cogen","WT","WND"
"Bishop Hill II Wind Farm",58111,"IL","Electric utility non-cogen","WT","WND"
"Bishop Hill III",61787,"IL","Electric utility non-cogen","WT","WND"
"Bison 2 Wind Energy Center",57800,"ND","Electric utility","WT","WND"
"Bison 3 Wind Energy Center",57801,"ND","Electric utility","WT","WND"
"Bison 4 Wind Energy Center",58872,"ND","Electric utility","WT","WND"
"Bison I Wind Energy Center",57038,"ND","Electric utility","WT","WND"
"Bisson Windfarm LLC",56201,"MN","Electric utility non-cogen","WT","WND"
"Black Oak Wind Farm",58692,"MN","Electric utility non-cogen","WT","WND"
"Blackstone Wind Farm II LLC",57113,"IL","Electric utility non-cogen","WT","WND"
"Blackstone Wind Farm LLC",57110,"IL","Electric utility non-cogen","WT","WND"
"Block Island Wind Farm",58035,"RI","Electric utility non-cogen","WS","WND"
"Blue Breezes II LLC",56581,"MN","Electric utility non-cogen","WT","WND"
"Blue Breezes LLC",56580,"MN","Electric utility non-cogen","WT","WND"
"Blue Canyon Windpower",56081,"OK","Electric utility non-cogen","WT","WND"
"Blue Canyon Windpower II",56335,"OK","Electric utility non-cogen","WT","WND"
"Blue Canyon Windpower V LLC",57108,"OK","Electric utility non-cogen","WT","WND"
"Blue Canyon Windpower VI LLC",57616,"OK","Electric utility non-cogen","WT","WND"
"Blue Cloud Wind Energy LLC",60270,"TX","Electric utility non-cogen","WT","WND"
"Blue Creek Wind Project",57449,"OH","Electric utility non-cogen","WT","WND"
"Blue Sky Green Field Wind Project",56391,"WI","Electric utility","WT","WND"
"Blue Summit II Wind, LLC",61970,"TX","Electric utility non-cogen","WT","WND"
"Blue Summit III Wind",62566,"TX","Electric utility non-cogen","WT","WND"
"Blue Summit Wind LLC",58372,"TX","Electric utility non-cogen","WT","WND"
"Bluegrass Ridge",56555,"MO","Electric utility non-cogen","WT","WND"
"Bluestem",60256,"OK","Electric utility non-cogen","WT","WND"
"Bluff Point Wind Facility",61303,"IN","Electric utility non-cogen","WT","WND"
"Bobcat Bluff Wind Project LLC",57974,"TX","Electric utility non-cogen","WT","WND"
"Boeve Windfarm LLC",56209,"MN","Electric utility non-cogen","WT","WND"
"Border Winds Wind Farm",59200,"ND","Electric utility","WT","WND"
"Bowling Green Wind",56226,"OH","Electric utility","WT","WND"
"Brady II Wind Energy Center",60354,"ND","Electric utility non-cogen","WT","WND"
"Brady Wind Energy Center",60355,"ND","Electric utility non-cogen","WT","WND"
"Brazos Wind Farm",56111,"TX","Electric utility non-cogen","WT","WND"
"Breckinridge Wind Project LLC",58994,"OK","Electric utility non-cogen","WT","WND"
"Breezy Bucks I LLC",56595,"MN","Electric utility non-cogen","WT","WND"
"Breezy Bucks II LLC",56582,"MN","Electric utility non-cogen","WT","WND"
"Bright Stalk Wind Farm I",57623,"IL","Electric utility non-cogen","WT","WND"
"Briscoe Wind Farm",59734,"TX","Electric utility non-cogen","WT","WND"
"Brisket Wind (8) LLC",56838,"TX","Electric utility non-cogen","WT","WND"
"Broadview Energy JN, LLC",60145,"NM","Electric utility non-cogen","WT","WND"
"Broadview Energy KW, LLC",60152,"NM","Electric utility non-cogen","WT","WND"
"Broadview Energy Prime 2 LLC",58465,"NM","Electric utility non-cogen","WT","WND"
"Broadview Energy Prime LLC",58464,"NM","Electric utility non-cogen","WT","WND"
"Broken Bow Wind II, LLC",58981,"NE","Electric utility non-cogen","WT","WND"
"Broken Bow Wind LLC",57593,"NE","Electric utility non-cogen","WT","WND"
"Brookfield",58719,"MI","Electric utility","WT","WND"
"Brookfield Tehachapi 1",57962,"CA","Electric utility non-cogen","WT","WND"
"Brown County Wind Turbine",57767,"IL","Electric utility","WT","WND"
"Bruennings Breeze Wind Farm",59066,"TX","Electric utility non-cogen","WT","WND"
"Brule County Wind",61746,"SD","Electric utility non-cogen","WT","WND"
"Buckeye Wind Energy Center",58767,"KS","Electric utility non-cogen","WT","WND"
"Buckthorn Wind Project",60983,"TX","Electric utility non-cogen","WT","WND"
"Buena Vista Energy LLC",56446,"CA","Electric utility non-cogen","WT","WND"
"Buffalo Bear LLC",56946,"OK","Electric utility non-cogen","WT","WND"
"Buffalo Center Wind LLC",58038,"IA","Electric utility non-cogen","WT","WND"
"Buffalo Dunes Wind Project",58474,"KS","Electric utility non-cogen","WT","WND"
"Buffalo Gap 2 Wind Farm",56484,"TX","Electric utility non-cogen","WT","WND"
"Buffalo Gap 3 Wind Farm",56638,"TX","Electric utility non-cogen","WT","WND"
"Buffalo Gap Wind Farm",56240,"TX","Electric utility non-cogen","WT","WND"
"Buffalo Mountain Energy Center",56493,"TN","Electric utility non-cogen","WT","WND"
"Buffalo Ridge I LLC",56792,"SD","Electric utility non-cogen","WT","WND"
"Buffalo Ridge II LLC",57424,"SD","Electric utility non-cogen","WT","WND"
"Bull Creek Wind",56956,"TX","Electric utility non-cogen","WT","WND"
"Bull Hill Wind Project",57083,"ME","Electric utility non-cogen","WT","WND"
"Bulldog",57632,"IA","Electric utility non-cogen","WT","WND"
"Burley Butte Windpark",56434,"ID","Electric utility non-cogen","WT","WND"
"Busch Ranch II Wind Farm",62445,"CO","Electric utility non-cogen","WT","WND"
"Busch Ranch Wind Energy Farm",57980,"CO","Electric utility","WT","WND"
"Butler Ridge",56647,"WI","Electric utility non-cogen","WT","WND"
"Butter Creek Power LLC",56967,"OR","Electric utility non-cogen","WT","WND"
"Byron",7901,"WI","Electric utility","WT","WND"
"CCC Hastings Wind Turbine",60931,"NE","Electric utility non-cogen","WT","WND"
"CG Windfarm LLC",56200,"MN","Electric utility non-cogen","WT","WND"
"CP Bloom Wind LLC",59888,"KS","Electric utility non-cogen","WT","WND"
"CTV Power Purchase Contract Trust",54300,"CA","Electric utility non-cogen","WT","WND"
"Cabazon Wind Partners",56011,"CA","Electric utility non-cogen","WT","WND"
"Cactus Flats Wind Energy Project",61001,"TX","Electric utility non-cogen","WT","WND"
"California Ridge Wind Energy LLC",58008,"IL","Electric utility non-cogen","WT","WND"
"Callahan Divide Wind Energy Center",56270,"TX","Electric utility non-cogen","WT","WND"
"Camelot Wind LLC",58958,"MA","Electric utility non-cogen","WT","WND"
"Cameron Ridge LLC",10586,"CA","Electric utility non-cogen","WT","WND"
"Cameron Wind 1 LLC",59118,"TX","Electric utility non-cogen","WT","WND"
"Camp Grove Wind Farm",56640,"IL","Electric utility non-cogen","WT","WND"
"Camp Reed",57125,"ID","Electric utility non-cogen","WT","WND"
"Campbell County Wind Farm",59655,"SD","Electric utility non-cogen","WT","WND"
"Campbell Hill Windpower",57090,"WY","Electric utility non-cogen","WT","WND"
"Canadian Breaks, LLC",63030,"TX","Electric utility non-cogen","WT","WND"
"Canadian Hills Wind",57987,"OK","Electric utility non-cogen","WT","WND"
"Caney River Wind Project",57858,"KS","Electric utility non-cogen","WT","WND"
"Canton Mountain Wind",58620,"ME","Electric utility non-cogen","WT","WND"
"Cape Cod Air Force Station - 6 SWS",58661,"MA","Commercial non-cogen","WT","WND"
"Capricorn Ridge Wind LLC",56763,"TX","Electric utility non-cogen","WT","WND"
"Caprock Wind Farm",56293,"NM","Electric utility non-cogen","WT","WND"
"Carleton College",57296,"MN","Commercial non-cogen","WT,IC","WND,DFO"
"Carousel Wind Farm LLC",59975,"CO","Electric utility non-cogen","WT","WND"
"Carroll Area Wind Farm",59071,"IA","Electric utility non-cogen","WT","WND"
"Carroll Wind Farm",56809,"IA","Electric utility","WT","WND"
"Carstensen Wind",56410,"MN","Electric utility non-cogen","WT","WND"
"Casa Mesa Wind Energy Center",61925,"NM","Electric utility non-cogen","WT,BA","WND,MWH"
"Cashton Greens Wind Farm",57968,"WI","Electric utility non-cogen","WT","WND"
"Casper Wind Farm",57093,"WY","Electric utility non-cogen","WT","WND"
"Casselman Wind Power Project",56369,"PA","Electric utility non-cogen","WT","WND"
"Cassia Gulch",56935,"ID","Electric utility non-cogen","WT","WND"
"Cassia Wind",56934,"ID","Electric utility non-cogen","WT","WND"
"Cedar Bluff Wind, LLC",60069,"KS","Electric utility non-cogen","WT","WND"
"Cedar Creek II",57210,"CO","Electric utility non-cogen","WT","WND"
"Cedar Creek Wind",56371,"CO","Electric utility non-cogen","WT","WND"
"Cedar Hills Wind Farm",57171,"ND","Electric utility","WT","WND"
"Cedar Point Wind",57315,"CO","Electric utility non-cogen","WT","WND"
"Cedar Ridge",56347,"WI","Electric utility","WT","WND"
"Cedro Hill Wind LLC",57260,"TX","Electric utility non-cogen","WT","WND"
"Centennial Wind Farm",56380,"OK","Electric utility","WT","WND"
"Central Plains Wind Farm",56818,"KS","Electric utility","WT","WND"
"Century",56252,"IA","Electric utility","WT","WND"
"Chamberlain Wind Project",7974,"SD","Electric utility","WT","WND"
"Champepaden Wind Power",55980,"MN","Electric utility non-cogen","WT","WND"
"Champion Wind Farm LLC",56592,"TX","Electric utility non-cogen","WT","WND"
"Chanarambie Power Partners, LLC",56142,"MN","Electric utility non-cogen","WT","WND"
"Chandler Hills Wind Farm",56646,"MN","Electric utility non-cogen","WT","WND"
"Chapman Ranch Wind I",59193,"TX","Electric utility non-cogen","WT","WND"
"Charles City Wind Farm",56677,"IA","Electric utility","WT","WND"
"Charlestown Wind Turbine",58065,"MA","Electric utility non-cogen","WT","WND"
"Chestnut Flats Wind Farm",57268,"PA","Electric utility non-cogen","WT","WND"
"Chisholm View Wind Project",58041,"OK","Electric utility non-cogen","WT","WND"
"Chopin Wind LLC",59076,"OR","Electric utility non-cogen","WT","WND"
"Christoffer Wind Energy I LLC",56709,"MN","Electric utility non-cogen","WT","WND"
"Christoffer Wind Energy II LLC",56710,"MN","Electric utility non-cogen","WT","WND"
"Christoffer Wind Energy III LLC",56711,"MN","Electric utility non-cogen","WT","WND"
"Christoffer Wind Energy IV LLC",56712,"MN","Electric utility non-cogen","WT","WND"
"Cimarron Bend Wind Project I, LLC",60687,"KS","Electric utility non-cogen","WT","WND"
"Cimarron Bend Wind Project II, LLC",60688,"KS","Electric utility non-cogen","WT","WND"
"Cimarron Wind Energy LLC",57762,"KS","Electric utility non-cogen","WT","WND"
"Cimarron Windpower II",57663,"KS","Electric utility non-cogen","WT","WND"
"Cirrus Wind 1 LLC",58162,"TX","Electric utility non-cogen","WT","WND"
"Cisco",63431,"MN","Electric utility non-cogen","WT","WND"
"City of Soledad Water Reclamation",59329,"CA","Electric utility non-cogen","WT","WND"
"Cloud County Wind Farm",56784,"KS","Electric utility non-cogen","WT","WND"
"Coastal Energy Project",57756,"WA","Electric utility non-cogen","WT","WND"
"Cohocton Wind Project",56634,"NY","Electric utility non-cogen","WT","WND"
"Colbeck's Corner, LLC",59068,"TX","Electric utility non-cogen","WT","WND"
"Cold Springs Windfarm",57431,"ID","Electric utility non-cogen","WT","WND"
"Colorado Green Holdings LLC",56173,"CO","Electric utility non-cogen","WT","WND"
"Colorado Highlands Wind",57174,"CO","Electric utility non-cogen","WT","WND"
"Com Adam 1WF-1",58887,"IL","Electric utility non-cogen","WT","WND"
"Combine Hills I",56195,"OR","Electric utility non-cogen","WT","WND"
"Community Wind North LLC",57385,"MN","Electric utility non-cogen","WT","WND"
"Community Wind South",58045,"MN","Electric utility non-cogen","WT","WND"
"Conception",56537,"MO","Electric utility non-cogen","WT","WND"
"Condon Windpower LLC",55739,"OR","Electric utility non-cogen","WT","WND"
"Cooper Farms VW Project",57570,"OH","Industrial non-cogen","WT","WND"
"Copenhagen Wind Farm",58979,"NY","Electric utility non-cogen","WT","WND"
"Coram Energy LLC",54299,"CA","Electric utility non-cogen","WT","WND"
"Coram Energy LLC (ECT)",54298,"CA","Electric utility non-cogen","WT","WND"
"Coram Tehachapi",54750,"CA","Electric utility non-cogen","WT","WND"
"Cotton Plains Wind Farm",60210,"TX","Electric utility non-cogen","WT","WND"
"Cottonwood Wind Energy Center",61407,"NE","Electric utility non-cogen","WT","WND"
"Courtenay Wind Farm",58658,"ND","Electric utility","WT","WND"
"Cow Branch",56536,"MO","Electric utility non-cogen","WT","WND"
"Coyote Ridge",61047,"SD","Electric utility non-cogen","wt","WND"
"Crane Creek Wind Energy Center",56831,"IA","Electric utility","WT","WND"
"Crescent Ridge",56297,"IL","Electric utility non-cogen","WT","WND"
"Creston Ridge II, LLC",61668,"NE","Electric utility non-cogen","WT","WND"
"Creston Ridge Wind Farm",60932,"NE","Electric utility non-cogen","WT","WND"
"Criterion",57300,"MD","Electric utility non-cogen","WT","WND"
"Crocker Wind Farm",60505,"SD","Electric utility non-cogen","WT","WND"
"Crofton Bluffs Wind LLC",57278,"NE","Electric utility non-cogen","WT","WND"
"Cross Winds Energy Park",58830,"MI","Electric utility","WT","WND"
"Crossroads Wind Farm",57332,"OK","Electric utility","WT","WND"
"Crosswind Energy Project",56859,"IA","Electric utility non-cogen","WT","WND"
"Crystal Lake 3 LLC",57468,"IA","Electric utility non-cogen","WT","WND"
"Cumberland Rose",58456,"IA","Electric utility non-cogen","WT","WND"
"Cuming County Renewables, LLC",63393,"NE","Electric utility non-cogen","WT","WND"
"DL Windy Acres LLC",56207,"MN","Electric utility non-cogen","WT","WND"
"DOE Golden NWTC Research Side",57693,"CO","Commercial non-cogen","WT,PV","WND,SUN"
"Danielson Wind Farms LLC",57396,"MN","Electric utility non-cogen","WT","WND"
"Day County Wind LLC",57194,"SD","Electric utility non-cogen","WT","WND"
"DeWind Frisco",57517,"TX","Electric utility non-cogen","WT","WND"
"Deer Island Treatment Plant",10823,"MA","Commercial cogen","WT,GT,HY,PV,ST","WAT,WND,OBG,DFO,SUN"
"Deerfield Wind Energy, LLC",60883,"MI","Electric utility non-cogen","WT","WND"
"Deerfield Wind LLC",61039,"VT","Electric utility non-cogen","WT","WND"
"Delta Wind Farm",58511,"AK","Electric utility non-cogen","WT","WND"
"Dempsey Ridge Wind Farm",56665,"OK","Electric utility non-cogen","WT","WND"
"Dept of Corrections NCCI Wind",58992,"MA","Commercial non-cogen","WT","WND"
"Dermott Wind",60902,"TX","Electric utility non-cogen","WT","WND"
"Desert Meadow Windfarm",57430,"ID","Electric utility non-cogen","WT","WND"
"Desert Sky",55992,"TX","Electric utility non-cogen","WT","WND"
"Desert Wind Farm, LLC",59968,"NC","Electric utility non-cogen","WT","WND"
"Diablo Winds LLC",56271,"CA","Electric utility non-cogen","WT","WND"
"Diamond Vista Wind Project, LLC",61789,"KS","Electric utility non-cogen","WT","WND"
"Diamond Willow Wind Facility",56782,"MT","Electric utility","WT","WND"
"Difwind Farms Ltd I",54681,"CA","Electric utility non-cogen","WT","WND"
"Difwind Farms Ltd II",54682,"CA","Electric utility non-cogen","WT","WND"
"Difwind Farms Ltd V",54685,"CA","Electric utility non-cogen","WT","WND"
"Difwind Farms Ltd VI",54686,"CA","Electric utility non-cogen","WT","WND"
"Dillon Wind LLC",56791,"CA","Electric utility non-cogen","WT","WND"
"Dinosaur Point",10005,"CA","Electric utility non-cogen","WT","WND"
"Drift Sand Wind Project LLC",59065,"OK","Electric utility non-cogen","WT","WND"
"Dry Lake Wind LLC",57098,"AZ","Electric utility non-cogen","WT","WND"
"Dunlap",57299,"WY","Electric utility","WT","WND"
"Durbin Creek Windfarm (Burnt River)",59492,"OR","Electric utility non-cogen","WT","WND"
"Dutch Hill Wind Project",56633,"NY","Electric utility non-cogen","WT","WND"
"Dutch Wind Energy",57301,"CA","Electric utility non-cogen","WT","WND"
"EDF Renewable Windfarm V Inc",54453,"CA","Electric utility non-cogen","WT","WND"
"East Winds Project",50820,"CA","Electric utility non-cogen","WT","WND"
"Eastridge Wind Project",56543,"MN","Electric utility non-cogen","WT","WND"
"Echo Wind Park",58121,"MI","Electric utility","WT","WND"
"Eclipse Wind Farm",57873,"IA","Electric utility","WT","WND"
"EcoGrove Wind LLC",56805,"IL","Electric utility non-cogen","WT","WND"
"Edom Hills Project 1 LLC",50553,"CA","Electric utility non-cogen","WT","WND"
"El Cabo Wind",58098,"NM","Electric utility non-cogen","WT","WND"
"Elbow Creek Wind Project LLC",56783,"TX","Electric utility non-cogen","WT","WND"
"Electra Wind Farm",60338,"TX","Electric utility non-cogen","WT","WND"
"Elk City LLC",57346,"OK","Electric utility non-cogen","WT","WND"
"Elk River Wind",56303,"KS","Electric utility non-cogen","WT","WND"
"Elk Wind Farm",57417,"IA","Electric utility non-cogen","WT","WND"
"Elkhorn Ridge Wind LLC",56947,"NE","Electric utility non-cogen","WT","WND"
"Elkhorn Valley Wind Farm",56623,"OR","Electric utility non-cogen","WT","WND"
"Elm Creek Wind II LLC",57649,"MN","Electric utility non-cogen","WT","WND"
"Elm Creek Wind LLC",56793,"MN","Electric utility non-cogen","WT","WND"
"Emmons-Logan Wind, LLC",62380,"ND","Electric utility non-cogen","WT","WND"
"English Farms",61565,"IA","Electric utility","WT","WND"
"Ensign Wind LLC",58137,"KS","Electric utility non-cogen","WT","WND"
"Eolos Wind Energy Research Field Station",57880,"MN","Electric utility non-cogen","WT","WND"
"Equity Industrial Turbines",60865,"MA","Electric utility non-cogen","WT","WND"
"Euclid Farm, Stamco N-54",59024,"OH","Electric utility non-cogen","WT","WND"
"Eurus Combine Hills Turbine Ranch 2",57137,"OR","Electric utility non-cogen","WT","WND"
"Eva Creek Wind",57935,"AK","Electric utility","WT","WND"
"FL Solar 4, LLC",63187,"FL","Electric utility non-cogen","WT","WND"
"FPL Energy Ashtabula Wind LLC",56919,"ND","Electric utility non-cogen","WT","WND"
"FPL Energy Burleigh County Wind",56357,"ND","Electric utility non-cogen","WT","WND"
"FPL Energy Crystal Lake Wind II LLC",56925,"IA","Electric utility non-cogen","WT","WND"
"FPL Energy Crystal Lake Wind LLC",56923,"IA","Electric utility non-cogen","WT","WND"
"FPL Energy Illinois Wind LLC",57325,"IL","Electric utility non-cogen","WT,BA","WND,MWH"
"FPL Energy Montezuma Winds LLC",57201,"CA","Electric utility non-cogen","WT","WND"
"FPL Energy North Dakota Wind I/II",56099,"ND","Electric utility non-cogen","WT","WND"
"FPL Energy Oliver Wind I LLC",56392,"ND","Electric utility non-cogen","WT","WND"
"FPL Energy Oliver Wind II LLC",56573,"ND","Electric utility non-cogen","WT","WND"
"FPL Energy Story Wind LLC",56924,"IA","Electric utility non-cogen","WT","WND"
"FPL Energy Vansycle LLC (OR)",55989,"OR","Electric utility non-cogen","WT","WND"
"FPL Energy Vansycle LLC (WA)",55560,"WA","Electric utility non-cogen","WT","WND"
"Fair Wind",59147,"MD","Electric utility non-cogen","WT","WND"
"Fairfield Wind",58966,"MT","Electric utility non-cogen","WT","WND"
"Fairhaven Wind",59725,"MA","Electric utility non-cogen","WT","WND"
"Fairmont Wind",56415,"MN","Electric utility","WT","WND"
"Farmers City Wind LLC",56767,"MO","Electric utility non-cogen","WT","WND"
"Fenner Wind",55790,"NY","Electric utility non-cogen","WT","WND"
"Fenton Wind Farm",56617,"MN","Electric utility non-cogen","WT","WND"
"Fey Windfarm LLC",56204,"MN","Electric utility non-cogen","WT","WND"
"Filet Wind (5) LLC",56561,"TX","Electric utility non-cogen","WT","WND"
"Findlay Wind Farm",60015,"OH","Industrial non-cogen","WT","WND"
"Fire Island Wind",58425,"AK","Electric utility non-cogen","WT","WND"
"Flat Iron Wind (7) LLC",56839,"TX","Electric utility non-cogen","WT","WND"
"Flat Ridge 2 Wind Energy LLC",57787,"KS","Electric utility non-cogen","WT","WND"
"Flat Ridge Wind Energy LLC",56879,"KS","Electric utility non-cogen","WT","WND"
"Flat Ridge Wind Farm",56819,"KS","Electric utility","WT","WND"
"Flat Top Wind I",61212,"TX","Electric utility non-cogen","WT","WND"
"Flat Water Wind Farm LLC",57283,"NE","Electric utility non-cogen","WT","WND"
"Florence Hills LLC",55574,"MN","Electric utility non-cogen","WT","WND"
"Fluvanna",59245,"TX","Electric utility non-cogen","WT","WND"
"Flying Cloud Power Partners LLC",56172,"IA","Electric utility non-cogen","WT","WND"
"Foard City Wind",61402,"TX","Electric utility non-cogen","WT","WND"
"Fontanelle",58457,"IA","Electric utility non-cogen","WT","WND"
"Foote Creek I",55607,"WY","Electric utility","WT","WND"
"Foote Creek II",55608,"WY","Electric utility non-cogen","WT","WND"
"Foote Creek III",55609,"WY","Electric utility non-cogen","WT","WND"
"Foote Creek IV",55610,"WY","Electric utility non-cogen","WT","WND"
"Forest Creek Wind Farm LLC",56394,"TX","Electric utility non-cogen","WT","WND"
"Fort Hays State University Wind Farm",61540,"KS","Commercial non-cogen","WT","WND"
"Forward Wind Energy Center",56942,"WI","Electric utility non-cogen","WT","WND"
"Forward Windpower LLC",56699,"PA","Electric utility non-cogen","WT","WND"
"Fossil Gulch",56308,"ID","Electric utility non-cogen","WT","WND"
"Foundation AB",57791,"CA","Electric utility non-cogen","WT","WND"
"Foundation CDCR LAC",61066,"CA","Electric utility non-cogen","WT","WND"
"Foundation California Training Facility",61442,"CA","Electric utility non-cogen","WT","WND"
"Foundation Cemex BMQ",58102,"CA","Electric utility non-cogen","WT","WND"
"Foundation Cemex Madison",58112,"CA","Electric utility non-cogen","WT","WND"
"Foundation Cemex River Plant",58101,"CA","Electric utility non-cogen","WT","WND"
"Foundation IE",57792,"CA","Electric utility non-cogen","WT","WND"
"Foundation Mann Packing",61443,"CA","Electric utility non-cogen","WT","WND"
"Foundation NWNA",58114,"CA","Electric utility non-cogen","WT","WND"
"Foundation RRM",58113,"CA","Electric utility non-cogen","WT","WND"
"Foundation ST",57626,"CA","Electric utility non-cogen","WT","WND"
"Foundation SaIinas Valley State Prison",61444,"CA","Electric utility non-cogen","WT","WND"
"Foundation Scheid Vineyards",61067,"CA","Electric utility non-cogen","WT","WND"
"Foundation Superior Farms",58104,"CA","Industrial non-cogen","WT","WND"
"Foundation Wal-Mart Red Bluff",58105,"CA","Commercial non-cogen","WT","WND"
"Four Corners Windfarm LLC",56969,"OR","Electric utility non-cogen","WT","WND"
"Four Mile Canyon Windfarm LLC",56970,"OR","Electric utility non-cogen","WT","WND"
"Fourmile Ridge",58904,"MD","Electric utility non-cogen","WT","WND"
"Fowler Ridge IV Wind Farm LLC",59547,"IN","Electric utility non-cogen","WT","WND"
"Fowler Ridge Wind Farm LLC",56777,"IN","Electric utility non-cogen","WT","WND"
"Fox Island Wind LLC",57354,"ME","Electric utility non-cogen","WT","WND"
"Franklin County Wind Farm",57844,"IA","Electric utility","WT","WND"
"Frontier Windpower",60218,"OK","Electric utility non-cogen","WT","WND"
"Future Generation Wind",59622,"MA","Electric utility non-cogen","WT","WND"
"G Flow Wind LLC",56588,"MN","Electric utility non-cogen","WT","WND"
"G McNeilus Wind Farm Dodge Center",56054,"MN","Electric utility non-cogen","WT","WND"
"GE - Tehachapi",57566,"CA","Electric utility non-cogen","WT","WND"
"GE-Lubbock",62642,"TX","Electric utility non-cogen","WT","WND"
"GL Wind",57813,"MN","Electric utility non-cogen","WT","WND"
"GPS Cabazon Wind LLC",50552,"CA","Electric utility non-cogen","WT","WND"
"GSG LLC",56450,"IL","Electric utility non-cogen","WT","WND"
"Galactic Wind",62161,"WI","Commercial non-cogen","WT","WND"
"Garden Wind LLC",57469,"IA","Electric utility non-cogen","WT","WND"
"Garnet Wind Energy Center",57302,"CA","Electric utility non-cogen","WT","WND"
"Geneseo",944,"IL","Electric utility","WT,IC,PV","WND,NG,DFO,SUN"
"Georgia Mountain Community Wind Farm",58238,"VT","Electric utility non-cogen","WT","WND"
"Glacier Hills",57199,"WI","Electric utility","WT","WND"
"Glaciers Edge Wind Project",62035,"IA","Electric utility non-cogen","WT","WND"
"Glen Ullin Energy Center",62938,"ND","Electric utility non-cogen","WT","WND"
"Glenrock",56841,"WY","Electric utility","WT","WND"
"Goat Wind LP",56754,"TX","Electric utility non-cogen","WT","WND"
"Golden Acorn Casino",59328,"CA","Commercial non-cogen","WT","WND"
"Golden Hills North Wind Energy Center",61222,"CA","Electric utility non-cogen","WT","WND"
"Golden Hills Wind",60049,"CA","Electric utility non-cogen","WT","WND"
"Golden Spread Panhandle Wnd Rch",57866,"TX","Electric utility","WT","WND"
"Golden Valley Wind Park LLC",56435,"ID","Electric utility non-cogen","WT","WND"
"Golden West Power Partners LLC",59974,"CO","Electric utility non-cogen","WT","WND"
"Goldthwaite Wind Energy Facility",58321,"TX","Electric utility non-cogen","WT","WND"
"Goodnoe Hills",56666,"WA","Electric utility","WT","WND"
"Goodwell Wind Project LLC",58998,"OK","Electric utility non-cogen","WT","WND"
"Gopher Creek Wind Farm",61417,"TX","Electric utility non-cogen","WT","WND"
"Gordon Butte Wind LLC",57748,"MT","Electric utility non-cogen","WT","WND"
"Goshen Phase II",57211,"ID","Electric utility non-cogen","WT","WND"
"Grady Wind Energy Center, LLC",60317,"NM","Electric utility non-cogen","WT","WND"
"Grand Meadow",56994,"MN","Electric utility","WT","WND"
"Grand Ridge Wind Energy Center",56941,"IL","Electric utility non-cogen","WT","WND"
"Grande Prairie Wind Farm",58695,"NE","Electric utility non-cogen","WT","WND"
"Grandview Wind Farm, LLC",58596,"TX","Electric utility non-cogen","WT","WND"
"Granite Reliable Power",58004,"NH","Electric utility non-cogen","WT","WND"
"Grant County Wind LLC",57274,"MN","Electric utility non-cogen","WT","WND"
"Grant Plains Wind, LLC",60545,"OK","Electric utility non-cogen","WT","WND"
"Grant Wind, LLC",60013,"OK","Electric utility non-cogen","WT","WND"
"Gratiot County Wind LLC",58677,"MI","Electric utility non-cogen","WT","WND"
"Gratiot Wind Park",57421,"MI","Electric utility","WT","WND"
"Gray County Wind Energy",55734,"KS","Electric utility non-cogen","WT","WND"
"Great Plains Windpark LLC",56905,"TX","Electric utility non-cogen","WT","WND"
"Great Western Wind Energy, LLC",60574,"OK","Electric utility non-cogen","WT","WND"
"Green Acres Breeze LLC",56590,"MN","Electric utility non-cogen","WT","WND"
"Green Energy Machine",60911,"IA","Electric utility non-cogen","WT","WND"
"Green Pastures Wind I",59732,"TX","Electric utility non-cogen","WT","WND"
"Green Pastures Wind II",59733,"TX","Electric utility non-cogen","WT","WND"
"Green Power I",55396,"CA","Electric utility non-cogen","WT","WND"
"Green River Wind Farm",60471,"IL","Electric utility non-cogen","WT","WND"
"Greenback Energy",56413,"MN","Electric utility non-cogen","WT","WND"
"Greenfield Wind",58458,"IA","Electric utility","WT","WND"
"Greenfield Wind - MT",60486,"MT","Electric utility non-cogen","WT","WND"
"Greensburg",57118,"KS","Electric utility non-cogen","WT","WND"
"Groton Wind LLC",58141,"NH","Electric utility non-cogen","WT","WND"
"Gunsight Mountain Wind Energy LLC",56776,"TX","Electric utility non-cogen","WT","WND"
"Hackberry Wind Farm",56823,"TX","Electric utility non-cogen","WT","WND"
"Hadley Ridge LLC",55573,"MN","Electric utility non-cogen","WT","WND"
"Hale Community Wind Farm",59247,"TX","Electric utility non-cogen","WT","WND"
"Hammett Hill Windfarm",57428,"ID","Electric utility non-cogen","WT","WND"
"Hancock County Wind Energy Center",56010,"IA","Electric utility non-cogen","WT","WND"
"Hancock Wind Plant",58686,"ME","Electric utility non-cogen","WT","WND"
"Happy Jack Windpower Project",56960,"WY","Electric utility non-cogen","WT","WND"
"Harbec Energy",62736,"NY","Industrial cogen","WT","WND"
"Harbor Wind LLC",58424,"TX","Electric utility non-cogen","WT","WND"
"Hardin Hilltop Wind LLC",56860,"IA","Electric utility non-cogen","WT","WND"
"Hardscrabble Wind Power LLC",57287,"NY","Electric utility non-cogen","WT","WND"
"Harpster Wind",60126,"OH","Commercial non-cogen","WT","WND"
"Harvest",56635,"MI","Electric utility non-cogen","WT","WND"
"Harvest 2",57888,"MI","Electric utility non-cogen","WT","WND"
"Harvest Wind Project",57152,"WA","Electric utility non-cogen","WT","WND"
"Hatchet Ridge Wind Project",56654,"CA","Electric utility non-cogen","WT","WND"
"Haviland Plastic Products",58220,"OH","Industrial non-cogen","WT","WND"
"Hawi Wind Farm",56447,"HI","Electric utility non-cogen","WT","WND"
"Hawkeye Power Partners LLC",55816,"IA","Electric utility non-cogen","WT","WND"
"Hawkeye Wind Farm",57832,"IA","Electric utility non-cogen","WT","WND"
"Hay Canyon Wind Power LLC",56790,"OR","Electric utility non-cogen","WT","WND"
"Headwaters Wind Farm LLC",58416,"IN","Electric utility non-cogen","WT","WND"
"Heartland Community College",59776,"IL","Commercial non-cogen","WT","WND"
"Heartland Divide Wind Project, LLC",61609,"IA","Electric utility non-cogen","WT","WND"
"Helzel & Schwarzhoff 86",56275,"CA","Electric utility non-cogen","WT","WND"
"Helzel & Schwarzhoff 88 Wind Farm",52165,"CA","Electric utility non-cogen","WT","WND"
"Heritage Garden Wind Farm I LLC",58103,"MI","Electric utility non-cogen","WT","WND"
"Hidalgo Wind Farm LLC",57617,"TX","Electric utility non-cogen","WT","WND"
"High Lonesome Mesa LLC",56945,"NM","Electric utility non-cogen","WT","WND"
"High Mesa",58019,"ID","Electric utility non-cogen","WT","WND"
"High Plains",56834,"TX","Electric utility non-cogen","WT","WND"
"High Plains",57040,"WY","Electric utility","WT","WND"
"High Sheldon Wind Farm",56953,"NY","Electric utility non-cogen","WT","WND"
"High Trail Wind Farm LLC",56338,"IL","Electric utility non-cogen","WT","WND"
"High Winds LLC",56075,"CA","Electric utility non-cogen","WT","WND"
"Highland North Wind Farm",57991,"PA","Electric utility non-cogen","WT","WND"
"Highland Wind Project (IA)",58883,"IA","Electric utility","WT","WND"
"Highland Wind Project (PA)",57139,"PA","Electric utility non-cogen","WT","WND"
"Hilltop Power",61788,"MN","Electric utility non-cogen","WT","WND"
"Hilltopper Wind Project",61735,"IL","Electric utility non-cogen","WT","WND"
"Hog Creek Wind Project",61330,"OH","Electric utility non-cogen","WT","WND"
"Holiday Hill Community Wind",62897,"MA","Electric utility non-cogen","WT","WND"
"Hoopeston Wind LLC",59021,"IL","Electric utility non-cogen","WT","WND"
"Hoosier Wind Project LLC",56878,"IN","Electric utility non-cogen","WT","WND"
"Hope Creek LLC",55572,"MN","Electric utility non-cogen","WT","WND"
"Hopkins Ridge Wind",56255,"WA","Electric utility","WT","WND"
"Horse Butte Wind I, LLC",57890,"ID","Electric utility","WT","WND"
"Horse Creek Wind Farm",60339,"TX","Electric utility non-cogen","WT","WND"
"Horse Hollow Wind Energy Center",56291,"TX","Electric utility non-cogen","WT","WND"
"Horseshoe Bend Wind LLC",57550,"OR","Electric utility non-cogen","WT","WND"
"Horseshoe Bend Wind Park",56591,"MT","Electric utility non-cogen","WT","WND"
"Howard Wind Farm",57867,"NY","Electric utility non-cogen","WT","WND"
"Huerfano River Wind",58548,"CO","Electric utility non-cogen","WT","WND"
"Hull Wind II",56800,"MA","Electric utility","WT","WND"
"Ida Grove II",62795,"IA","Electric utility","WT","WND"
"Ida Grove Wind",60342,"IA","Electric utility","WT","WND"
"Inadale Wind Farm LLC Hybrid",56984,"TX","Electric utility non-cogen","WT","WND"
"Intrepid",56251,"IA","Electric utility","WT","WND"
"Iowa Distributed Wind Generation Project",7966,"IA","Electric utility","WT","WND"
"Iowa Lakes Community College Wind Farm",57257,"IA","Commercial non-cogen","WT","WND"
"Iowa Lakes Superior Wind Farm",57252,"IA","Electric utility","WT","WND"
"Ipswich Wind Independence",59023,"MA","Electric utility non-cogen","WT","WND"
"Ipswich Wind Turbine",57855,"MA","Electric utility","WT","WND"
"Ironwood Wind",57639,"KS","Electric utility non-cogen","WT","WND"
"Ivester Wind Farm",61911,"IA","Electric utility","WT","WND"
"Jack River LLC",55565,"MN","Electric utility non-cogen","WT","WND"
"Javelina Wind Energy II, LLC",60645,"TX","Electric utility non-cogen","WT","WND"
"Javelina Wind Energy, LLC",60104,"TX","Electric utility non-cogen","WT","WND"
"Jeffers Wind 20 LLC",56750,"MN","Electric utility non-cogen","WT","WND"
"Jericho Power",59070,"NH","Electric utility non-cogen","WT","WND"
"Jericho Rise Wind Farm LLC",59629,"NY","Electric utility non-cogen","WT","WND"
"Jersey-Atlantic Wind Farm",56300,"NJ","Electric utility non-cogen","WT","WND"
"Jessica Mills LLC",55564,"MN","Electric utility non-cogen","WT","WND"
"Jett Creek Windfarm (Burnt River)",59490,"OR","Electric utility non-cogen","WT","WND"
"Jiminy Peak Wind QF",62570,"MA","Electric utility non-cogen","WT","WND"
"Judith Gap Wind Energy Center",56377,"MT","Electric utility non-cogen","WT","WND"
"Julia Hills LLC",55563,"MN","Electric utility non-cogen","WT","WND"
"Junction Hilltop Wind Farm",58444,"IA","Electric utility non-cogen","WT","WND"
"Juniper Canyon I Wind Project",57320,"WA","Electric utility non-cogen","WT","WND"
"K&D Energy LLC",56626,"MN","Electric utility non-cogen","WT","WND"
"K-Brink Windfarm LLC",56206,"MN","Electric utility non-cogen","WT","WND"
"KC Energy LLC",56625,"MN","Electric utility non-cogen","WT","WND"
"KODE Novus I",57516,"OK","Electric utility non-cogen","WT","WND"
"KODE Novus II",57889,"OK","Electric utility non-cogen","WT","WND"
"KSS Turbines LLC",56627,"MN","Electric utility non-cogen","WT","WND"
"Kaheawa Pastures Wind Farm",56449,"HI","Electric utility non-cogen","WT","WND"
"Kaheawa Wind Power II LLC",57082,"HI","Electric utility non-cogen","WT","WND"
"Kahuku Wind Power LLC",57087,"HI","Electric utility non-cogen","WT","WND"
"Karankawa Wind LLC",61343,"TX","Electric utility non-cogen","WT","WND"
"Karen Avenue Wind Farm",10718,"CA","Electric utility non-cogen","WT","WND"
"Kas Brothers Windfarm",55809,"MN","Electric utility non-cogen","WT","WND"
"Kawailoa Wind",57529,"HI","Electric utility non-cogen","WT","WND"
"Kay Wind, LLC",59460,"OK","Electric utility non-cogen","WT","WND"
"Keechi Wind",58838,"TX","Electric utility non-cogen","WT","WND"
"Keenan II Renewable Energy Co LLC",57358,"OK","Electric utility non-cogen","WT","WND"
"Kelly Creek Wind Project",60587,"IL","Electric utility non-cogen","WT","WND"
"Kibby Wind Facility",56829,"ME","Electric utility non-cogen","WT","WND"
"Kimball Wind",56106,"NE","Electric utility non-cogen","WT","WND"
"King Mountain Wind Ranch 1",55581,"TX","Electric utility non-cogen","WT","WND"
"Kingdom Community Wind",57979,"VT","Electric utility","WT","WND"
"Kingfisher Wind LLC",58902,"OK","Electric utility non-cogen","WT","WND"
"Kingman 1",57775,"AZ","Electric utility non-cogen","WT,PV","WND,SUN"
"Kingman Wind",60639,"KS","Electric utility non-cogen","WT","WND"
"Kingston Wind Independence",59022,"MA","Electric utility non-cogen","WT","WND"
"Kirkwood Wind Turbine",59735,"IA","Electric utility non-cogen","WT","WND"
"Kit Carson Windpower",57244,"CO","Electric utility non-cogen","WT","WND"
"Klondike Wind Power",55871,"OR","Electric utility non-cogen","WT","WND"
"Klondike Windpower II",56359,"OR","Electric utility non-cogen","WT","WND"
"Klondike Windpower III",56468,"OR","Electric utility non-cogen","WT","WND"
"Kotzebue Hybrid",6304,"AK","Electric utility","WT,IC","WND,DFO"
"Kumeyaay Wind",56295,"CA","Electric utility non-cogen","WT","WND"
"LE Wind Turbine 1",57613,"OH","Industrial non-cogen","WT","WND"
"Lake Benton I",55208,"MN","Electric utility non-cogen","WT","WND"
"Lake Benton II",55265,"MN","Electric utility non-cogen","WT","WND"
"Lake Region Community Hybrid, LLC",62442,"MN","Electric utility non-cogen","WT,PV","WND,SUN"
"Lake Winds Energy Park",57984,"MI","Electric utility","WT","WND"
"Lakefield Wind Project LLC",57374,"MN","Electric utility non-cogen","WT","WND"
"Lakeswind Power Partners",58836,"MN","Electric utility non-cogen","WT","WND"
"Lakota Ridge LLC",55353,"MN","Electric utility non-cogen","WT","WND"
"Lakota Wind Wind Farm",57251,"IA","Electric utility","WT","WND"
"Lamar Plant",508,"CO","Electric utility","WT","WND"
"Langdon Renewables, LLC",56605,"ND","Electric utility non-cogen","WT","WND"
"Langdon Wind Energy Center",57033,"ND","Electric utility","WT","WND"
"Langdon Wind II LLC",56912,"ND","Electric utility non-cogen","WT","WND"
"Langford Wind Power",57153,"TX","Electric utility non-cogen","WT","WND"
"Laredo Ridge Wind LLC",57262,"NE","Electric utility non-cogen","WT","WND"
"Latigo Wind Park",59965,"UT","Electric utility non-cogen","WT","WND"
"Laurel Hill Wind",57744,"PA","Electric utility non-cogen","WT","WND"
"Laurel Mountain Hybrid",57447,"WV","Electric utility non-cogen","WT,BA","WND,MWH"
"Laurel Wind Farm",57500,"IA","Electric utility","WT","WND"
"Leaning Juniper",56360,"OR","Electric utility","WT","WND"
"Leaning Juniper Wind Power II",57333,"OR","Electric utility non-cogen","WT","WND"
"Lempster Wind LLC",56399,"NH","Electric utility non-cogen","WT","WND"
"Leonardo Wind 1 LLC",59228,"IA","Electric utility non-cogen","WT","WND"
"Lightolier Wind I Turbine",59639,"MA","Industrial non-cogen","WT","WND"
"Lime Wind",57803,"OR","Electric utility non-cogen","WT","WND"
"Limon III Wind LLC",59083,"CO","Electric utility non-cogen","WT","WND"
"Limon Wind I",58126,"CO","Electric utility non-cogen","WT","WND"
"Limon Wind II",58127,"CO","Electric utility non-cogen","WT","WND"
"Lincoln Heights I",63432,"MN","Electric utility non-cogen","WT","WND"
"Lincoln Heights II",63433,"MN","Electric utility non-cogen","WT","WND"
"Lincoln Turbines",7366,"WI","Electric utility","WT","WND"
"Lindahl Wind Project, LLC",59684,"ND","Electric utility non-cogen","WT","WND"
"Linden Wind Energy Project",57635,"WA","Electric utility","WT","WND"
"Little Elk Wind Project LLC",58999,"OK","Electric utility non-cogen","WT","WND"
"Little Pringle I Wind Farm",57263,"TX","Electric utility non-cogen","WT","WND"
"Little Pringle II Wind Farm",57264,"TX","Electric utility non-cogen","WT","WND"
"Live Oak Wind Project",61782,"TX","Electric utility non-cogen","WT","WND"
"Llano Estacado Wind Ranch",55579,"TX","Electric utility non-cogen","WT","WND"
"Lockett Windfarm",62356,"TX","Electric utility non-cogen","WT","WND"
"Locust Ridge",56470,"PA","Electric utility non-cogen","WT","WND"
"Locust Ridge II LLC",56770,"PA","Electric utility non-cogen","WT","WND"
"Loess Hills",56538,"MO","Electric utility non-cogen","WT","WND"
"Logan Wind Energy",56613,"CO","Electric utility non-cogen","WT","WND"
"Logans Gap Wind LLC",59442,"TX","Electric utility non-cogen","WT","WND"
"Lon Wright",2240,"NE","Electric utility","WT,GT,PV,ST","WND,NG,SUN,SUB"
"Longhorn Wind",58772,"TX","Electric utility non-cogen","WT","WND"
"Lookout Windpower LLC",56700,"PA","Electric utility non-cogen","WT","WND"
"Loraine Windpark Project LLC",57303,"TX","Electric utility non-cogen","WT","WND"
"Lorenzo Wind",59244,"TX","Electric utility non-cogen","WT","WND"
"Los Vientos V Wind Power",60059,"TX","Electric utility non-cogen","WT","WND"
"Los Vientos Wind 1A",57751,"TX","Electric utility non-cogen","WT","WND"
"Los Vientos Wind 1B",57752,"TX","Electric utility non-cogen","WT","WND"
"Los Vientos Windpower III",59320,"TX","Electric utility non-cogen","WT","WND"
"Los Vientos Windpower IV",59321,"TX","Electric utility non-cogen","WT","WND"
"Lost Creek Wind Energy Facility",57189,"MO","Electric utility non-cogen","WT","WND"
"Lost Lakes Wind Farm LLC",57111,"IA","Electric utility non-cogen","WT","WND"
"Lower Snake River Wind Energy Project",57195,"WA","Electric utility","WT","WND"
"Lubbock Wind Ranch",57259,"TX","Electric utility non-cogen","WT","WND"
"Lucky Wind",56412,"MN","Electric utility non-cogen","WT","WND"
"Lundgren Wind Project",58884,"IA","Electric utility","WT","WND"
"Luther College Wind Project",58407,"IA","Electric utility non-cogen","WT","WND"
"Luverne Wind Energy Center",57031,"ND","Electric utility","WT","WND"
"MA Military Reservation Wind Project",57253,"MA","Electric utility non-cogen","WT","WND"
"Macho Springs Power I",57947,"NM","Electric utility non-cogen","WT","WND"
"Macksburg Wind Project",58885,"IA","Electric utility","WT","WND"
"Madison Windpower LLC",55769,"NY","Electric utility non-cogen","WT","WND"
"Magic Valley Wind Farm I LLC",57802,"TX","Electric utility non-cogen","WT","WND"
"Mainline Windfarm",57429,"ID","Electric utility non-cogen","WT","WND"
"Majestic 1 Wind Farm",56648,"TX","Electric utility non-cogen","WT","WND"
"Majestic II Wind",58363,"TX","Electric utility non-cogen","WT","WND"
"Mammoth Plains",59284,"OK","Electric utility non-cogen","WT","WND"
"Manzana Wind LLC",57484,"CA","Electric utility non-cogen","WT","WND"
"Maple Ridge Wind Farm",56290,"NY","Electric utility non-cogen","WT","WND"
"Marble River Wind Farm",56857,"NY","Electric utility non-cogen","WT","WND"
"Marengo Wind Plant",56466,"WA","Electric utility","WT","WND"
"Mariah del Norte",59005,"TX","Electric utility non-cogen","WT","WND"
"Mars Hill Wind Farm Project",56448,"ME","Electric utility non-cogen","WT","WND"
"Marsh Hill Wind Farm",58768,"NY","Electric utility non-cogen","WT","WND"
"Marshall Wind 1 LLC",56840,"MN","Electric utility non-cogen","WT","WND"
"Marshall Wind 2 LLC",56824,"MN","Electric utility non-cogen","WT","WND"
"Marshall Wind 3 LLC",56825,"MN","Electric utility non-cogen","WT","WND"
"Marshall Wind 4 LLC",56826,"MN","Electric utility non-cogen","WT","WND"
"Marshall Wind 5 LLC",56827,"MN","Electric utility non-cogen","WT","WND"
"Marshall Wind 6 LLC",56828,"MN","Electric utility non-cogen","WT","WND"
"Marshall Wind Farm",59084,"KS","Electric utility non-cogen","WT","WND"
"McAdoo Wind Energy LLC",56773,"TX","Electric utility non-cogen","WT","WND"
"McFadden Ridge",57039,"WY","Electric utility","WT","WND"
"McKinley Wind Park",57853,"MI","Electric utility","WT","WND"
"Meadow Creek Project Company",58106,"ID","Electric utility non-cogen","WT","WND"
"Meadow Lake Wind Farm II LLC",57112,"IN","Electric utility non-cogen","WT","WND"
"Meadow Lake Wind Farm III LLC",57115,"IN","Electric utility non-cogen","WT","WND"
"Meadow Lake Wind Farm IV",57177,"IN","Electric utility non-cogen","WT","WND"
"Meadow Lake Wind Farm LLC",57109,"IN","Electric utility non-cogen","WT","WND"
"Meadow Lake Wind Farm V LLC",57628,"IN","Electric utility non-cogen","WT","WND"
"Meadow Lake Wind Farm VI LLC",61756,"IN","Electric utility non-cogen","WT","WND"
"Meadow Ridge",58459,"IA","Electric utility non-cogen","WT","WND"
"Medicine Bow",692,"WY","Electric utility non-cogen","WT","WND"
"Mehoopany Wind Energy LLC",57769,"PA","Electric utility non-cogen","WT","WND"
"Mendota Hills, LLC",56160,"IL","Electric utility non-cogen","WT","WND"
"Mesa Wind Power Corp",50535,"CA","Electric utility non-cogen","WT","WND"
"Mesalands Comm College Wind Turbine",57106,"NM","Commercial non-cogen","WT","WND"
"Mesquite Creek Wind",59332,"TX","Electric utility non-cogen","WT","WND"
"Mesquite Wind Power LLC",56395,"TX","Electric utility non-cogen","WT","WND"
"Mesteno",62258,"TX","Electric utility non-cogen","WT","WND"
"Meyersdale Windpower, LLC",56052,"PA","Electric utility non-cogen","WT","WND"
"Miami Wind Energy Center",58765,"TX","Electric utility non-cogen","WT","WND"
"Michelangelo Wind 1 LLC",59231,"IA","Electric utility non-cogen","WT","WND"
"Michelangelo Wind 3 LLC",59053,"IA","Electric utility non-cogen","WT","WND"
"Michelangelo Wind 4 LLC",59232,"IA","Electric utility non-cogen","WT","WND"
"Michigan Wind 1",56416,"MI","Electric utility non-cogen","WT","WND"
"Michigan Wind 2",56659,"MI","Electric utility non-cogen","WT","WND"
"Midway Wind, LLC",61776,"TX","Electric utility non-cogen","WT","WND"
"Milford Wind Corridor I LLC",57079,"UT","Electric utility non-cogen","WT","WND"
"Milford Wind Corridor Stage II LLC",57107,"UT","Electric utility non-cogen","WT","WND"
"Mill Run Windpower LLC",55805,"PA","Electric utility non-cogen","WT","WND"
"Milner Dam Wind Park LLC",56437,"ID","Electric utility non-cogen","WT","WND"
"Milo Wind Project LLC",59838,"NM","Electric utility non-cogen","WT","WND"
"Minco Wind I, LLC",57590,"OK","Electric utility non-cogen","WT","WND"
"Minco Wind II, LLC",57956,"OK","Electric utility non-cogen","WT","WND"
"Minco Wind III, LLC",58203,"OK","Electric utility non-cogen","WT","WND"
"Minco Wind IV, LLC",61836,"OK","Electric utility non-cogen","WT","WND"
"Minden Wind Park",57852,"MI","Electric utility","WT","WND"
"MinnDakota Wind LLC",56459,"MN","Electric utility non-cogen","WT","WND"
"Minnesota Breeze LLC",56587,"MN","Electric utility non-cogen","WT","WND"
"Minonk Wind Farm",57284,"IL","Electric utility non-cogen","WT","WND"
"Minot Wind Project",55995,"ND","Electric utility","WT","WND"
"Minwind",56002,"MN","Electric utility non-cogen","WT","WND"
"Minwind 3-9",56123,"MN","Electric utility non-cogen","WT","WND"
"Mojave 16",50821,"CA","Electric utility non-cogen","WT","WND"
"Mojave 17",50822,"CA","Electric utility non-cogen","WT","WND"
"Mojave 18",50823,"CA","Electric utility non-cogen","WT","WND"
"Mojave 3",52143,"CA","Electric utility non-cogen","WT","WND"
"Mojave 4",52142,"CA","Electric utility non-cogen","WT","WND"
"Mojave 5",52144,"CA","Electric utility non-cogen","WT","WND"
"Montague Wind Power Facility LLC",58099,"OR","Electric utility non-cogen","WT","WND"
"Montezuma Wind II",57701,"CA","Electric utility non-cogen","WT","WND"
"Montfort Wind Energy Center",55742,"WI","Electric utility","WT","WND"
"Moorhead Wind Turbine",7855,"MN","Electric utility","WT","WND"
"Moraine II Wind LLC",56794,"MN","Electric utility non-cogen","WT","WND"
"Moraine Wind LLC",56174,"MN","Electric utility non-cogen","WT","WND"
"Morning Light Wind Farm",57875,"IA","Electric utility","WT","WND"
"Moulton Wind Power",55981,"MN","Electric utility non-cogen","WT","WND"
"Mountain Home",56636,"ID","Electric utility non-cogen","WT","WND"
"Mountain Lake",1998,"MN","Electric utility","WT,IC","WND,NG,DFO"
"Mountain View I&2",55719,"CA","Electric utility non-cogen","WT","WND"
"Mountain View III",56112,"CA","Electric utility non-cogen","WT","WND"
"Mountain View IV",57459,"CA","Electric utility non-cogen","WT","WND"
"Mountain Wind Power II LLC",56753,"WY","Electric utility non-cogen","WT","WND"
"Mountain Wind Power LLC",56752,"WY","Electric utility non-cogen","WT","WND"
"Mountaineer Wind Energy Center",55986,"WV","Electric utility non-cogen","WT","WND"
"Mower County Wind Energy Center",56424,"MN","Electric utility non-cogen","WT","WND"
"Mt Wachusett Community College",58025,"MA","Commercial non-cogen","WT","WND"
"Munnsville Wind Farm LLC",56594,"NY","Electric utility non-cogen","WT","WND"
"Musselshell Wind Project",57963,"MT","Electric utility non-cogen","WT","WND"
"Musselshell Wind Project Two LLC",57965,"MT","Electric utility non-cogen","WT","WND"
"Mustang Hills LLC",57833,"CA","Electric utility non-cogen","WT","WND"
"NBC Field's Point Wind Farm",59692,"RI","Commercial non-cogen","WT","WND"
"NLMU Wind",58414,"IA","Electric utility","WT","WND"
"NWP Indian Mesa Wind Farm",55747,"TX","Electric utility non-cogen","WT","WND"
"NaturEner Glacier Wind Energy 1",57049,"MT","Electric utility non-cogen","WT","WND"
"NaturEner Glacier Wind Energy 2",57050,"MT","Electric utility non-cogen","WT","WND"
"NaturEner Rim Rock Energy",57995,"MT","Electric utility non-cogen","WT","WND"
"NedPower Mount Storm",56495,"WV","Electric utility non-cogen","WT","WND"
"New Creek Wind",60132,"WV","Electric utility non-cogen","WT","WND"
"New England Wind LLC",57380,"MA","Electric utility non-cogen","WT","WND"
"New Frontier Wind",59903,"ND","Electric utility non-cogen","WT","WND"
"New Harvest Wind Project LLC",57609,"IA","Electric utility non-cogen","WT","WND"
"New Mexico Wind Energy Center",56097,"NM","Electric utility non-cogen","WT","WND"
"NextEra-Blackwell Wind, LLC",58209,"OK","Electric utility non-cogen","WT","WND"
"Nine Canyon",7936,"WA","Electric utility","WT","WND"
"Ninnescah Wind Energy, LLC",60620,"KS","Electric utility non-cogen","WT","WND"
"Noble Altona Windpark LLC",56901,"NY","Electric utility non-cogen","WT","WND"
"Noble Bliss Windpark LLC",56620,"NY","Electric utility non-cogen","WT","WND"
"Noble Chateaugay Windpark LLC",56904,"NY","Electric utility non-cogen","WT","WND"
"Noble Clinton Windpark LLC",56618,"NY","Electric utility non-cogen","WT","WND"
"Noble Ellenburg Windpark LLC",56619,"NY","Electric utility non-cogen","WT","WND"
"Noble Ridge LLC",55782,"MN","Electric utility non-cogen","WT","WND"
"Noble Wethersfield Windpark LLC",56902,"NY","Electric utility non-cogen","WT","WND"
"Nobles Wind Project",57047,"MN","Electric utility","WT","WND"
"North Allegheny Windpower Project",56651,"PA","Electric utility non-cogen","WT","WND"
"North English",62133,"IA","Electric utility","WT","WND"
"North English II",62608,"IA","Electric utility","WT","WND"
"North Hurlburt Wind LLC",57526,"OR","Electric utility non-cogen","WT","WND"
"North Sky River Energy LLC",58154,"CA","Electric utility non-cogen","WT","WND"
"Northern Colorado Wind LLC",57290,"CO","Electric utility non-cogen","WT","WND"
"Northern Iowa Windfarm",55804,"IA","Electric utility non-cogen","WT","WND"
"Northern Iowa Windpower II",56383,"IA","Electric utility non-cogen","WT","WND"
"Northern Lights Wind LLC",56411,"MN","Electric utility non-cogen","WT","WND"
"Northwest Ohio Wind",59296,"OH","Electric utility non-cogen","WT","WND"
"Notrees Windpower Hybrid",56961,"TX","Electric utility non-cogen","WT,BA","WND,MWH"
"Notus Wind 1",57414,"MA","Electric utility non-cogen","WT","WND"
"O'Brien Wind",60326,"IA","Electric utility","WT","WND"
"OU Spirit Wind Farm",57286,"OK","Electric utility","WT","WND"
"Oak Creek Energy Systems I",50754,"CA","Electric utility non-cogen","WT","WND"
"Oak Glen Wind Farm",57432,"MN","Electric utility","WT","WND"
"Oak Tree Energy",59435,"SD","Electric utility non-cogen","WT","WND"
"Oakfield Wind Project",57002,"ME","Electric utility non-cogen","WT","WND"
"Oasis Wind",56302,"CA","Electric utility non-cogen","WT","WND"
"Ocotillo Express LLC",57514,"CA","Electric utility non-cogen","WT","WND"
"Ocotillo Windpower",56959,"TX","Electric utility non-cogen","WT","WND"
"Odell Wind Farm",58657,"MN","Electric utility non-cogen","WT","WND"
"Odin Wind Farm LLC",56755,"MN","Electric utility non-cogen","WT","WND"
"Oklahoma Wind Energy Center",56094,"OK","Electric utility non-cogen","WT","WND"
"Old Settler Wind",60366,"TX","Electric utility non-cogen","WT","WND"
"Old Trail Wind Farm",56614,"IL","Electric utility non-cogen","WT","WND"
"Oliver Wind III, LLC",60905,"ND","Electric utility non-cogen","WT","WND"
"Optimum Wind 3 LLC",59227,"IA","Electric utility non-cogen","WT","WND"
"Optimum Wind 4 LLC",59226,"IA","Electric utility non-cogen","WT","WND"
"Optimum Wind 5 LLC",59223,"IA","Electric utility non-cogen","WT","WND"
"Optimum Wind 6 LLC",59224,"IA","Electric utility non-cogen","WT","WND"
"Optimum Wind 7 LLC",59225,"IA","Electric utility non-cogen","WT","WND"
"Oregon Trail Wind Park",56439,"ID","Electric utility non-cogen","WT","WND"
"Oregon Trail Windfarm LLC",56971,"OR","Electric utility non-cogen","WT","WND"
"Orient Wind Farm",61077,"IA","Electric utility","WT","WND"
"Origin Wind",58938,"OK","Electric utility non-cogen","WT","WND"
"Osage (IA)",1172,"IA","Electric utility","WT,IC,PV","WND,NG,DFO,SUN"
"Osage Wind, LLC",58683,"OK","Electric utility non-cogen","WT","WND"
"Osborn Wind Energy",60672,"MO","Electric utility non-cogen","WT","WND"
"Osceola Windpower II",56913,"IA","Electric utility non-cogen","WT","WND"
"Osceola Windpower LLC",56645,"IA","Electric utility non-cogen","WT","WND"
"PPL Frey Farm Landfill Wind",57182,"PA","Electric utility non-cogen","WT","WND"
"PYCO Industries, Inc. Wind Farm",61848,"TX","Industrial non-cogen","WT","WND"
"PaTu Wind Farm LLC",57578,"OR","Electric utility non-cogen","WT","WND"
"Pacific Canyon Windfarm LLC",56972,"OR","Electric utility non-cogen","WT","WND"
"Pacific Wind LLC",57757,"CA","Electric utility non-cogen","WT","WND"
"Painted Hills Wind Park",50533,"CA","Electric utility non-cogen","WT","WND"
"Pakini Nui Wind Farm",56378,"HI","Electric utility non-cogen","WT","WND"
"Palmer's Creek Wind Farm, LLC",62291,"MN","Electric utility non-cogen","WT","WND"
"Palo Duro Wind",59475,"TX","Electric utility non-cogen","WT","WND"
"Palouse",57530,"WA","Electric utility non-cogen","WT","WND"
"Pantex",58404,"TX","Commercial non-cogen","WT","WND"
"Panther Creek Wind Farm I",56920,"TX","Electric utility non-cogen","WT","WND"
"Panther Creek Wind Farm II",56921,"TX","Electric utility non-cogen","WT","WND"
"Panther Creek Wind Farm Three",56979,"TX","Electric utility non-cogen","WT","WND"
"Papalote Creek I LLC",56983,"TX","Electric utility non-cogen","WT","WND"
"Papalote Creek II LLC",57212,"TX","Electric utility non-cogen","WT","WND"
"Passadumkeag Windpark LLC",59222,"ME","Electric utility non-cogen","WT","WND"
"Patriot Wind Farm",58614,"TX","Electric utility non-cogen","WT","WND"
"Pattern Gulf Wind",56661,"TX","Electric utility non-cogen","WT","WND"
"Pattern Panhandle Wind 2 LLC",58720,"TX","Electric utility non-cogen","WT","WND"
"Pattern Panhandle Wind LLC",58242,"TX","Electric utility non-cogen","WT","WND"
"Patton Wind Farm",57999,"PA","Electric utility non-cogen","WT","WND"
"Paulding Wind Farm II",57620,"OH","Electric utility non-cogen","WT","WND"
"Paulding Wind Farm III",60470,"OH","Electric utility non-cogen","WT","WND"
"Payne's Ferry",57124,"ID","Electric utility non-cogen","WT","WND"
"Peak View Wind Farm",60143,"CO","Electric utility","WT","WND"
"Pebble Springs Wind LLC",56789,"OR","Electric utility non-cogen","WT","WND"
"Peetz Table Wind Energy",56563,"CO","Electric utility non-cogen","WT","WND"
"Pembina Land Port of Entry Wind Turbine",62782,"ND","Commercial non-cogen","WT","WND"
"Penascal II Wind Project LLC",57095,"TX","Electric utility non-cogen","WT","WND"
"Penascal Wind Power LLC",56795,"TX","Electric utility non-cogen","WT","WND"
"Perennial Windfarm",61677,"NE","Electric utility non-cogen","WT","WND"
"Perrin Ranch Wind LLC",58155,"AZ","Electric utility non-cogen","WT","WND"
"Persimmon Creek Wind Farm 1, LLC",61876,"OK","Electric utility non-cogen","WT","WND"
"Pheasant Run Wind LLC",58580,"MI","Electric utility non-cogen","WT","WND"
"Pike County Wind Power",56376,"IL","Electric utility","WT","WND"
"Pilgrim Stage Wind Park",56440,"ID","Electric utility non-cogen","WT","WND"
"Pillar Mountain Wind Project Microgrid",57187,"AK","Electric utility","WT","WND"
"Pilot Hill Wind Farm",58898,"IL","Electric utility non-cogen","WT","WND"
"Pine River Wind Park",61106,"MI","Electric utility","WT","WND"
"Pine Tree Wind Power Project",56433,"CA","Electric utility","WT","WND"
"Pinnacle Wind Force LLC",57595,"WV","Electric utility non-cogen","WT","WND"
"Pinyon Pine I",57834,"CA","Electric utility non-cogen","WT","WND"
"Pinyon Pine II",57837,"CA","Electric utility non-cogen","WT","WND"
"Pioneer Prairie Wind Farm",56797,"IA","Electric utility non-cogen","WT","WND"
"Pioneer Trail Wind Farm, LLC",57675,"IL","Electric utility non-cogen","WT","WND"
"Pioneer Wind Park, LLC",60259,"WY","Electric utility non-cogen","WT","WND"
"Pisgah Mountain Wind",60404,"ME","Electric utility non-cogen","WT","WND"
"Pleasant Hill Wind Energy Project",59417,"TX","Electric utility non-cogen","WT","WND"
"Pleasant Valley Wind Farm",59201,"MN","Electric utility","WT","WND"
"Pocahontas Prairie Wind Farm",57976,"IA","Electric utility non-cogen","WT","WND"
"Polk County Renewables, LLC",62333,"NE","Electric utility non-cogen","WT","WND"
"Pomeroy Wind Farm",56501,"IA","Electric utility","WT","WND"
"Porterhouse Wind (4) LLC",56560,"TX","Electric utility non-cogen","WT","WND"
"Poseidon Wind, LLC",57379,"AZ","Electric utility non-cogen","WT","WND"
"Post Oak Wind LLC",56483,"TX","Electric utility non-cogen","WT","WND"
"Post Rock Wind Power Project, LLC",57678,"KS","Electric utility non-cogen","WT","WND"
"Post Wind Farm LP",56457,"TX","Electric utility non-cogen","WT","WND"
"Power County Wind Park North",57761,"ID","Electric utility non-cogen","WT","WND"
"Power County Wind Park South",57760,"ID","Electric utility non-cogen","WT","WND"
"Prairie Breeze",58322,"NE","Electric utility non-cogen","WT","WND"
"Prairie Breeze II",60262,"NE","Electric utility non-cogen","WT","WND"
"Prairie Breeze III",60314,"NE","Electric utility non-cogen","WT","WND"
"Prairie Queen Wind Farm",62488,"KS","Electric utility non-cogen","WT","WND"
"Prairie Rose Wind Farm",57644,"MN","Electric utility non-cogen","WT","WND"
"Prairie Star Wind Farm",56494,"MN","Electric utility non-cogen","WT","WND"
"Prairie Wind Farm",60873,"IA","Electric utility","WT","WND"
"Prairie Wind Power LLC",56628,"MN","Electric utility non-cogen","WT","WND"
"Prairie Winds ND1",56607,"ND","Electric utility","WT","WND"
"Prairie Winds SD1",56608,"SD","Electric utility","WT","WND"
"Pratt Wind, LLC",61957,"KS","Electric utility non-cogen","WT","WND"
"Princeton Wind Farm",7501,"MA","Electric utility","WT","WND"
"Prospector Windfarm (Burnt River)",59493,"OR","Electric utility non-cogen","WT","WND"
"Providence Heights Wind LLC",56622,"IL","Electric utility non-cogen","WT","WND"
"Pyron Wind Farm LLC Hybrid",56981,"TX","Electric utility non-cogen","WT,BA","WND,MWH"
"Quilt Block Wind Farm LLC",57116,"WI","Electric utility non-cogen","WT","WND"
"RP Wind",58630,"OH","Electric utility non-cogen","WT","WND"
"Radfords Run Wind Farm",59061,"IL","Electric utility non-cogen","WT","WND"
"Rail Splitter Wind Farm",56856,"IL","Electric utility non-cogen","WT","WND"
"Ralls Wind Farm",57474,"TX","Electric utility non-cogen","WT","WND"
"Ranchero Wind Farm LLC",62259,"TX","Electric utility non-cogen","WT","WND"
"Rattlesnake Creek Wind Project",59292,"NE","Electric utility non-cogen","WT","WND"
"Rattlesnake Den",59943,"TX","Electric utility non-cogen","WT","WND"
"Rattlesnake Power, LLC",60743,"TX","Electric utility non-cogen","WT","WND"
"Record Hill Wind",57568,"ME","Electric utility non-cogen","WT","WND"
"Red Dirt Wind Project",61270,"OK","Electric utility non-cogen","WT","WND"
"Red Hills Wind Project LLC",56804,"OK","Electric utility non-cogen","WT","WND"
"Red Horse 2",58833,"AZ","Electric utility non-cogen","WT,PV","WND,SUN"
"Red Mesa Wind LLC",57357,"NM","Electric utility non-cogen","WT","WND"
"Red Pine Wind Project",61357,"MN","Electric utility non-cogen","WT","WND"
"Redbed Plains Wind Farm",61221,"OK","Electric utility non-cogen","WT","WND"
"Redwood Falls Wind",56414,"MN","Electric utility","WT","WND"
"Ribeye Wind (11) LLC",56835,"TX","Electric utility non-cogen","WT","WND"
"Ridge Crest Wind Partners",55741,"CO","Electric utility non-cogen","WT","WND"
"Ridgetop",54931,"CA","Electric utility non-cogen","WT","WND"
"Ridgetop Energy LLC",10597,"CA","Electric utility non-cogen","WT","WND"
"Ridgewind",57386,"MN","Electric utility non-cogen","WT","WND"
"Ringer Hill Wind Farm, LLC",60329,"PA","Electric utility non-cogen","WT","WND"
"Rio Bravo Windpower, LLC",61865,"TX","Electric utility non-cogen","WT","WND"
"Rippey Wind Farm",57830,"IA","Electric utility non-cogen","WT","WND"
"Rising Tree Wind Farm",57621,"CA","Electric utility non-cogen","WT","WND"
"Rising Tree Wind Farm II",59235,"CA","Electric utility non-cogen","WT","WND"
"Rising Tree Wind Farm III",59236,"CA","Electric utility non-cogen","WT","WND"
"Roadrunner I LLC",56578,"MN","Electric utility non-cogen","WT","WND"
"Rock Creek Wind Project",60655,"MO","Electric utility non-cogen","WT","WND"
"Rock Falls Wind Farm LLC",61261,"OK","Electric utility non-cogen","WT","WND"
"Rock River I LLC",55740,"WY","Electric utility non-cogen","WT","WND"
"Rockland Wind Farm",57766,"ID","Electric utility non-cogen","WT","WND"
"Rocksprings",60217,"TX","Electric utility non-cogen","WT","WND"
"Rocky Ridge Wind Project",58078,"OK","Electric utility non-cogen","WT","WND"
"Roeder Family Wind Farm LLC",58089,"IA","Electric utility non-cogen","WT","WND"
"Rolling Hills",56842,"WY","Electric utility","WT","WND"
"Rolling Hills Wind Farm",57501,"IA","Electric utility","WT","WND"
"Rolling Thunder Wind Farm Hybrid",57045,"SD","Electric utility non-cogen","WT","WND"
"Rollins Wind Project",56990,"ME","Electric utility non-cogen","WT","WND"
"Roosevelt County",58771,"NM","Electric utility non-cogen","WT","WND"
"Roscoe Wind Farm LLC",56593,"TX","Electric utility non-cogen","WT","WND"
"Roseman",62130,"IA","Electric utility non-cogen","WT","WND"
"Roth Rock North Wind Farm, LLC",57240,"MD","Electric utility non-cogen","WT","WND"
"Roth Rock Wind Farm LLC",57239,"MD","Electric utility non-cogen","WT","WND"
"Route 66 Wind Plant",58681,"TX","Electric utility non-cogen","WT","WND"
"Rugby Wind Power Project",57097,"ND","Electric utility non-cogen","WT","WND"
"Rush Creek Wind",60619,"CO","Electric utility","WT","WND"
"Rush Springs Wind",60592,"OK","Electric utility non-cogen","WT","WND"
"Ruthton Ridge LLC",55571,"MN","Electric utility non-cogen","WT","WND"
"Ryegrass Windfarm",57427,"ID","Electric utility non-cogen","WT","WND"
"S&P Windfarm LLC",56208,"MN","Electric utility non-cogen","WT","WND"
"Saddleback Ridge Wind Farm",58608,"ME","Electric utility non-cogen","WT","WND"
"Sagebrush Power Partners",56858,"WA","Electric utility non-cogen","WT","WND"
"Salmon Falls Wind Park",56441,"ID","Electric utility non-cogen","WT","WND"
"Salt Fork Wind Project, LLC",60657,"TX","Electric utility non-cogen","WT","WND"
"Salt Valley Wind Plant",7965,"NE","Electric utility","WT","WND"
"Salty Dog I LLC",56583,"MN","Electric utility non-cogen","WT","WND"
"Salty Dog II LLC",56584,"MN","Electric utility non-cogen","WT","WND"
"San Gorgonio Farms Wind Farm",50281,"CA","Electric utility non-cogen","WT","WND"
"San Gorgonio Westwinds II LLC",50690,"CA","Electric utility non-cogen","WT","WND"
"San Gorgonio Windplant WPP1993",54454,"CA","Electric utility non-cogen","WT","WND"
"San Juan Mesa Wind Project LLC",56304,"NM","Electric utility non-cogen","WT","WND"
"San Roman Wind I, LLC",59712,"TX","Electric utility non-cogen","WT","WND"
"Sand Bluff Wind Farm",56479,"TX","Electric utility non-cogen","WT","WND"
"Sand Ranch Windfarm LLC",56973,"OR","Electric utility non-cogen","WT","WND"
"Sandy Ridge Wind Farm",57285,"PA","Electric utility non-cogen","WT","WND"
"Santa Rita East",62038,"TX","Electric utility non-cogen","WT","WND"
"Santa Rita Wind Energy",60987,"TX","Electric utility non-cogen","WT","WND"
"Saratoga Wind Farm",61070,"IA","Electric utility","WT","WND"
"Sawtooth Wind Project",57749,"ID","Electric utility non-cogen","WT","WND"
"Scituate Wind",59724,"MA","Electric utility non-cogen","WT","WND"
"Scurry County Wind II",56775,"TX","Electric utility non-cogen","WT","WND"
"Scurry County Wind LP",56506,"TX","Electric utility non-cogen","WT","WND"
"Searsburg Wind Turbine",7381,"VT","Electric utility","WT","WND"
"Seiling Wind I",59311,"OK","Electric utility non-cogen","WT","WND"
"Seiling Wind II",59312,"OK","Electric utility non-cogen","WT","WND"
"Senate Wind LLC",57981,"TX","Electric utility non-cogen","WT","WND"
"Sendero",59654,"TX","Electric utility non-cogen","WT","WND"
"Seneca Nation Cattaraugus Wind Turbine",61734,"NY","Commercial non-cogen","WT","WND"
"Settlers Trail Wind Farm LLC",57493,"IL","Electric utility non-cogen","WT","WND"
"Seven Mile Hill",56843,"WY","Electric utility","WT","WND"
"Seward Wind Farm",61056,"NE","Electric utility non-cogen","WT","WND"
"Seymour Hills Wind Project, LLC",62227,"TX","Electric utility non-cogen","WT","WND"
"Shady Oaks Wind Farm",57964,"IL","Electric utility non-cogen","WT","WND"
"Shane's Wind Machine",56577,"MN","Electric utility non-cogen","WT","WND"
"Shannon Wind",59034,"TX","Electric utility non-cogen","WT","WND"
"Shaokatan Hills LLC",55354,"MN","Electric utility non-cogen","WT","WND"
"Sheffield Wind",57080,"VT","Electric utility non-cogen","WT","WND"
"Sherbino I Wind Farm",56779,"TX","Electric utility non-cogen","WT","WND"
"Sherbino II",57415,"TX","Electric utility non-cogen","WT","WND"
"Shiloh I Wind Project",56362,"CA","Electric utility non-cogen","WT","WND"
"Shiloh III Wind Project LLC",57586,"CA","Electric utility non-cogen","WT","WND"
"Shiloh IV Wind Project LLC",57725,"CA","Electric utility non-cogen","WT","WND"
"Shiloh Wind Project 2 LLC",56874,"CA","Electric utility non-cogen","WT","WND"
"Shirley Wind",57553,"WI","Electric utility non-cogen","WT","WND"
"Sholes Wind Energy Center",61889,"NE","Electric utility non-cogen","WT","WND"
"Shooting Star",58018,"KS","Electric utility non-cogen","WT","WND"
"Sigel Wind Park",57851,"MI","Electric utility","WT","WND"
"Silver Sage Windpower",57091,"WY","Electric utility non-cogen","WT","WND"
"Silver Star I Wind Power Project",56771,"TX","Electric utility non-cogen","WT","WND"
"Sky River LLC",50536,"CA","Electric utility non-cogen","WT","WND"
"Sky Volt",58460,"IA","Electric utility non-cogen","WT","WND"
"Slate Creek Wind Project LLC",59837,"KS","Electric utility non-cogen","WT","WND"
"Sleeping Bear LLC",56621,"OK","Electric utility non-cogen","WT","WND"
"Smoky Hills Wind Project Phase I",56488,"KS","Electric utility non-cogen","WT","WND"
"Smoky Hills Wind Project Phase II",56985,"KS","Electric utility non-cogen","WT","WND"
"Snake River",90,"AK","Electric utility","WT,IC","WND,DFO"
"Snyder Wind Farm",56602,"TX","Electric utility non-cogen","WT","WND"
"Solano Wind",7526,"CA","Electric utility","WT","WND"
"Soliloquoy Ridge LLC",55570,"MN","Electric utility non-cogen","WT","WND"
"Solomon Forks Wind Project, LLC",61984,"KS","Electric utility non-cogen","WT","WND"
"Somerset Windpower LLC",55803,"PA","Electric utility non-cogen","WT","WND"
"South Chestnut LLC",56796,"PA","Electric utility non-cogen","WT","WND"
"South Dakota Wind Energy Cente",56092,"SD","Electric utility non-cogen","WT","WND"
"South Fork Wind Farm",58691,"MN","Electric utility non-cogen","WT","WND"
"South Hurlburt Wind LLC",57549,"OR","Electric utility non-cogen","WT","WND"
"South Plains II",60087,"TX","Electric utility non-cogen","WT","WND"
"South Plains Wind Phase I",59384,"TX","Electric utility non-cogen","WT","WND"
"South Trent Wind Farm",56649,"TX","Electric utility non-cogen","WT","WND"
"Spanish Fork Wind Park 2 LLC",56751,"UT","Electric utility non-cogen","WT","WND"
"Spartan Hills LLC",55569,"MN","Electric utility non-cogen","WT","WND"
"Spearville",56351,"KS","Electric utility","WT","WND"
"Spearville 3 LLC",57975,"KS","Electric utility non-cogen","WT","WND"
"Spinning Spur Wind II",58774,"TX","Electric utility non-cogen","WT","WND"
"Spinning Spur Wind III",58775,"TX","Electric utility non-cogen","WT","WND"
"Spinning Spur Wind LLC",57973,"TX","Electric utility non-cogen","WT","WND"
"Spion Kop Wind Farm",58218,"MT","Electric utility","WT","WND"
"Spring Canyon",56320,"CO","Electric utility non-cogen","WT","WND"
"Spring Canyon Expansion Wind Energy Ctr",58769,"CO","Electric utility non-cogen","WT","WND"
"Spring Valley Wind Project",57192,"NV","Electric utility non-cogen","WT","WND"
"Springview",7771,"NE","Electric utility non-cogen","WT","WND"
"Spruce Mountain WInd",58026,"ME","Electric utility non-cogen","WT","WND"
"St. Olaf Wind Turbine",58995,"MN","Electric utility non-cogen","WT","WND"
"Stahl Wind Energy",56409,"MN","Electric utility non-cogen","WT","WND"
"Stanton Wind Energy LLC",56644,"TX","Electric utility non-cogen","WT","WND"
"Star Point Wind Project LLC",57096,"OR","Electric utility non-cogen","WT","WND"
"Steel Winds II",57078,"NY","Electric utility non-cogen","WT","WND"
"Steel Winds Wind Farm",56575,"NY","Electric utility non-cogen","WT","WND"
"Steele Flats Wind Project LLC",58594,"NE","Electric utility non-cogen","WT","WND"
"Stella Wind Farm",59063,"TX","Electric utility non-cogen","WT","WND"
"Stephens Ranch Wind Energy LLC",57983,"TX","Electric utility non-cogen","WT","WND"
"Sterling I Wind Farm",60991,"NM","Electric utility non-cogen","WT","WND"
"Stetson Wind I",56989,"ME","Electric utility non-cogen","WT","WND"
"Stetson Wind II",56991,"ME","Electric utility non-cogen","WT","WND"
"Stillwater Wind, LLC",61858,"MT","Electric utility non-cogen","WT","WND"
"Stoneray Power Partners, LLC",62269,"MN","Electric utility non-cogen","WT","WND"
"Stoney Corners Wind Farm",57131,"MI","Electric utility non-cogen","WT","WND"
"Stony Creek Wind Farm LLC",56980,"PA","Electric utility non-cogen","WT","WND"
"Stony Creek Wind Farm NY",58088,"NY","Electric utility non-cogen","WT","WND"
"Storm Lake 1",54793,"IA","Electric utility non-cogen","WT","WND"
"Storm Lake II",55287,"IA","Electric utility non-cogen","WT","WND"
"Story City Wind Project",58927,"IA","Electric utility non-cogen","WT","WND"
"Streator Cayuga Ridge South",57094,"IL","Electric utility non-cogen","WT","WND"
"Sun River LLC",55562,"MN","Electric utility non-cogen","WT","WND"
"Sunflower Wind Project",60088,"NY","Electric utility non-cogen","WT","WND"
"Sunray Wind I",57326,"TX","Electric utility non-cogen","WT","WND"
"Sunset Breeze LLC",56586,"MN","Electric utility non-cogen","WT","WND"
"Suzlon Project VIII LLC",57741,"TX","Electric utility non-cogen","WT","WND"
"Swanmill Windfarm I",54650,"CA","Electric utility non-cogen","WT","WND"
"Swauk Wind LLC",58441,"WA","Electric utility non-cogen","WT","WND"
"Sweetwater Wind 1 LLC",56211,"TX","Electric utility non-cogen","WT","WND"
"Sweetwater Wind 2 LLC",56212,"TX","Electric utility non-cogen","WT","WND"
"Sweetwater Wind 3 LLC",56311,"TX","Electric utility non-cogen","WT","WND"
"Sweetwater Wind 4 LLC",56337,"TX","Electric utility non-cogen","WT","WND"
"Sweetwater Wind 5",56372,"TX","Electric utility non-cogen","WT","WND"
"T-Bone Wind (10) LLC",56836,"TX","Electric utility non-cogen","WT","WND"
"TAC-Distributed Energy Resource Hybrid",61990,"IL","Electric utility","WT,PV,IC","WND,NG,SUN"
"TG Windfarm LLC",56199,"MN","Electric utility non-cogen","WT","WND"
"TPC Windfarms LLC",54647,"CA","Electric utility non-cogen","WT","WND"
"TPW Petersburg",57755,"NE","Electric utility non-cogen","WT","WND"
"TX Hereford Wind",58773,"TX","Electric utility non-cogen","WT","WND"
"TX Jumbo Road Wind",59621,"TX","Electric utility non-cogen","WT","WND"
"Taconite Ridge 1 Wind Energy Center",56630,"MN","Electric utility","WT","WND"
"Tahoka Wind",61921,"TX","Electric utility non-cogen","WT","WND"
"Taloga Wind LLC",57261,"OK","Electric utility non-cogen","WT","WND"
"Tatanka Wind Power LLC",56669,"ND","Electric utility non-cogen","WT","WND"
"Taylor Farms",59330,"CA","Electric utility non-cogen","WT","WND"
"Tehachapi Wind Resource I",10191,"CA","Electric utility non-cogen","WT","WND"
"Tehachapi Wind Resource II",54909,"CA","Electric utility non-cogen","WT","WND"
"Teichert Materials-Teichert Vernalis",57594,"CA","Electric utility non-cogen","WT","WND"
"Tenderloin Wind (6) LLC",56562,"TX","Electric utility non-cogen","WT","WND"
"Terra-Gen 251 Wind LLC",52161,"CA","Electric utility non-cogen","WT","WND"
"Terra-Gen VG Wind LLC",56570,"CA","Electric utility non-cogen","WT","WND"
"Texico Wind Ranch LP",57258,"NM","Electric utility non-cogen","WT","WND"
"Thousand Springs Wind Park",56442,"ID","Electric utility non-cogen","WT","WND"
"Threemile Canyon",56933,"OR","Electric utility non-cogen","WT","WND"
"Thunder Ranch Wind Project",61269,"OK","Electric utility non-cogen","WT","WND"
"Thunder Spirit Wind, LLC",58965,"ND","Electric utility","WT","WND"
"Tofteland Windfarm LLC",56202,"MN","Electric utility non-cogen","WT","WND"
"Tooele Army Depot",59817,"UT","Electric utility non-cogen","WT","WND"
"Top of Iowa Windfarm III",56386,"IA","Electric utility","WT","WND"
"Top of the World Windpower Project",57327,"WY","Electric utility non-cogen","WT","WND"
"Torrecillas Wind Energy, LLC",61969,"TX","Electric utility non-cogen","WT","WND"
"Town of Otis Wind Energy Project",61775,"MA","Commercial non-cogen","WT","WND"
"Traer Wind Project",58932,"IA","Electric utility non-cogen","WT","WND"
"TransAlta Wyoming Wind",56093,"WY","Electric utility non-cogen","WT","WND"
"Trent Wind Farm LP",55968,"TX","Electric utility non-cogen","WT","WND"
"Tri-Tip Wind (9) LLC",56837,"TX","Electric utility non-cogen","WT","WND"
"Trimont Area Wind Farm",56296,"MN","Electric utility non-cogen","WT","WND"
"Trinity Hills",57520,"TX","Electric utility non-cogen","WT","WND"
"Tsar Nicholas LLC",55561,"MN","Electric utility non-cogen","WT","WND"
"Tuana Gulch Wind Park",56443,"ID","Electric utility non-cogen","WT","WND"
"Tuana Springs",57136,"ID","Electric utility non-cogen","WT","WND"
"Tucannon River Wind Farm",58571,"WA","Electric utility","WT","WND"
"Tule Wind LLC",57913,"CA","Electric utility non-cogen","WT","WND"
"Tuolumne Wind Project",56702,"WA","Electric utility","WT","WND"
"Turkey Track Wind Energy LLC",56774,"TX","Electric utility non-cogen","WT","WND"
"Turtle Creek Wind Farm LLC",61638,"IA","Electric utility non-cogen","WT","WND"
"Tuscola Bay Wind",58351,"MI","Electric utility non-cogen","WT","WND"
"Tuscola Wind II LLC",58587,"MI","Electric utility non-cogen","WT","WND"
"Twin Buttes II Wind",61040,"CO","Electric utility non-cogen","WT","WND"
"Twin Buttes Wind Project",56460,"CO","Electric utility non-cogen","WT","WND"
"Twin Lake Hills LLC",55568,"MN","Electric utility non-cogen","WT","WND"
"Twin Ridges Wind Farm",57998,"PA","Electric utility non-cogen","WT","WND"
"Two Dot Wind Farm",59003,"MT","Electric utility","WT","WND"
"Two Ponds Windfarm",57444,"ID","Electric utility non-cogen","WT","WND"
"Tyler Bluff Wind Project, LLC",60502,"TX","Electric utility non-cogen","WT","WND"
"UL Advanced Wind Turbine Test Facility",61589,"TX","Commercial non-cogen","WT","WND"
"UMM Wind Turbine",57732,"MN","Commercial non-cogen","WT","WND"
"Uilk Wind LLC",57351,"MN","Commercial non-cogen","WT","WND"
"Union City Wind Turbine",57637,"IN","Electric utility non-cogen","WT","WND"
"University of Delaware Wind Turbine",57176,"DE","Commercial non-cogen","WT","WND"
"Upland Prairie",61564,"IA","Electric utility","WT","WND"
"Upstream Wind Energy LLC",61784,"NE","Electric utility non-cogen","WT","WND"
"Valentine Wind, LLC",59736,"NE","Electric utility non-cogen","WT","WND"
"Valfilm Wind Project",61356,"OH","Industrial non-cogen","WT","WND"
"Valley View Transmission LLC",57434,"MN","Electric utility non-cogen","WT","WND"
"Vansycle",55125,"OR","Electric utility non-cogen","WT","WND"
"Vansycle II Wind Energy Center",58324,"OR","Electric utility non-cogen","WT","WND"
"Vantage Wind Energy LLC",57188,"WA","Electric utility non-cogen","WT","WND"
"Vasco Winds",57700,"CA","Electric utility non-cogen","WT","WND"
"Velva Windfarm LLC",56670,"ND","Electric utility non-cogen","WT","WND"
"Venus Wind 3 LLC",59230,"IA","Electric utility non-cogen","WT","WND"
"Vestas Towers America, Inc.",57643,"CO","Industrial non-cogen","WT","WND"
"Victory Garden (Tehachapi)",50532,"CA","Electric utility non-cogen","WT","WND"
"Victory Garden Phase IV LLC",52160,"CA","Electric utility non-cogen","WT","WND"
"Victory Wind Farm",56379,"IA","Electric utility","WT","WND"
"Vienna Wind Farm",57874,"IA","Electric utility","WT","WND"
"Viking Wind Partners",56153,"MN","Electric utility non-cogen","WT","WND"
"Voyager Wind I",60594,"CA","Electric utility non-cogen","WT","WND"
"Voyager Wind II",61582,"CA","Electric utility non-cogen","WT","WND"
"Voyager Wind III",61583,"CA","Electric utility non-cogen","WT","WND"
"Voyager Wind IV",61584,"CA","Electric utility non-cogen","WT","WND"
"WCROC Wind Farm",57823,"MN","Electric utility non-cogen","WT","WND"
"WED Coventry 1",59301,"RI","Electric utility non-cogen","WT","WND"
"WED Coventry 2",59302,"RI","Electric utility non-cogen","WT","WND"
"WED Coventry 3",59305,"RI","Electric utility non-cogen","WT","WND"
"WED Coventry 4",59306,"RI","Electric utility non-cogen","WT","WND"
"WED Coventry 5",59313,"RI","Electric utility non-cogen","WT","WND"
"WED Coventry 6",59314,"RI","Electric utility non-cogen","WT","WND"
"WED Green Hill, LLC",62106,"RI","Electric utility non-cogen","WT","WND"
"WED NK Green",59295,"RI","Electric utility non-cogen","WT","WND"
"WED Plainfield II, LLC",62107,"RI","Electric utility non-cogen","WT","WND"
"WED Plainfield III, LLC",62108,"RI","Electric utility non-cogen","WT","WND"
"WED Plainfield, LLC",62109,"RI","Electric utility non-cogen","WT","WND"
"WED Portsmouth One, LLC",61002,"RI","Electric utility non-cogen","WT","WND"
"WED Shun I, LLC",62110,"RI","Electric utility non-cogen","WT","WND"
"WED Shun II, LLC",62111,"RI","Electric utility non-cogen","WT","WND"
"WED Shun III, LLC",62112,"RI","Electric utility non-cogen","WT","WND"
"Wagner Wind LLC",58233,"CA","Electric utility non-cogen","WT","WND"
"Wagon Trail LLC",56974,"OR","Electric utility non-cogen","WT","WND"
"Wake Wind Energy Center",58766,"TX","Electric utility non-cogen","WT","WND"
"Wallys Wind Farm LLC",56585,"MN","Electric utility non-cogen","WT","WND"
"Walnut Ridge Wind Farm",58694,"IL","Electric utility non-cogen","WT","WND"
"Walnut Wind Farm",56811,"IA","Electric utility","WT","WND"
"Wapsipinicon Wind Project",56876,"MN","Electric utility non-cogen","WT","WND"
"Ward Butte Windfarm LLC",56975,"OR","Electric utility non-cogen","WT","WND"
"Waverly Community Wind Project",57214,"IA","Electric utility","WT","WND"
"Waverly Wind Farm LLC",57614,"KS","Electric utility non-cogen","WT","WND"
"Waxdale",59448,"WI","Industrial cogen","WT,GT","WND,NG,LFG"
"Waymart Wind",56001,"PA","Electric utility non-cogen","WT","WND"
"Weatherford Wind Energy Center",56273,"OK","Electric utility non-cogen","WT","WND"
"Welcome Wind Turbine",57248,"MN","Electric utility","WT","WND"
"Wellsburg Wind Project",58886,"IA","Electric utility","WT","WND"
"Wessington Springs",56650,"SD","Electric utility non-cogen","WT","WND"
"West Texas Wind Energy LLC",55367,"TX","Electric utility non-cogen","WT","WND"
"Western Plains Wind Farm",60689,"KS","Electric utility","WT","WND"
"Westridge Windfarm LLC",56203,"MN","Electric utility non-cogen","WT","WND"
"Wethersfield Wind Farm",55368,"NY","Electric utility non-cogen","WT","WND"
"Wheat Field Wind Power Project",56854,"OR","Electric utility non-cogen","WT","WND"
"Whirlpool Corp-Greenville Wind Farm",61660,"OH","Electric utility non-cogen","WT","WND"
"Whirlpool Corporation - Marion Wind Farm",61005,"OH","Industrial non-cogen","WT","WND"
"Whirlpool Corporation - Ottawa Wind Farm",61004,"OH","Industrial non-cogen","WT","WND"
"Whirlwind Energy Center",56673,"TX","Electric utility non-cogen","WT","WND"
"Whispering Willow Wind Farm - East",56355,"IA","Electric utility","WT","WND"
"White Creek Wind Farm",56487,"WA","Electric utility non-cogen","WT","WND"
"White Oak Energy LLC",57342,"IL","Electric utility non-cogen","WT","WND"
"Whitetail",58021,"TX","Electric utility non-cogen","WT","WND"
"Whitewater Hill Wind Partners",56012,"CA","Electric utility non-cogen","WT","WND"
"Wild Horse",56322,"WA","Electric utility","WT,PV","WND,SUN"
"Wildcat Ranch Wind Project",61674,"TX","Electric utility non-cogen","WT","WND"
"Wildcat Wind",57887,"NM","Electric utility non-cogen","WT","WND"
"Wildcat Wind Farm I, LLC",57862,"IN","Electric utility non-cogen","WT","WND"
"Wildhorse Mountain Wind Facility",61866,"OK","Electric utility non-cogen","WT","WND"
"Wildorado Wind LLC",56432,"TX","Electric utility non-cogen","WT","WND"
"Willmar",2022,"MN","Electric utility","WT,ST","WND,NG,SUB"
"Willow Creek Energy Center",56952,"OR","Electric utility non-cogen","WT","WND"
"Willow Spring Windfarm (Burnt River)",59494,"OR","Electric utility non-cogen","WT","WND"
"Willow Springs Wind Farm",60901,"TX","Electric utility non-cogen","WT","WND"
"Wilton Wind II LLC",57120,"ND","Electric utility non-cogen","WT","WND"
"Wind Colebrook South",60700,"CT","Electric utility non-cogen","WT","WND"
"Wind GEM",60541,"IA","Electric utility non-cogen","WT","WND"
"Wind Park Bear Creek",56299,"PA","Electric utility non-cogen","WT","WND"
"Wind Turbine",7886,"WI","Electric utility","WT","WND"
"Windcurrent Farms LLC",56205,"MN","Electric utility non-cogen","WT","WND"
"Windland",50386,"CA","Electric utility non-cogen","WT","WND"
"Windom Wind Project",56544,"MN","Electric utility non-cogen","WT","WND"
"Windpark Unlimited 1",10027,"CA","Electric utility non-cogen","WT","WND"
"Windpark Unlimited 2",60321,"CA","Electric utility non-cogen","WT","WND"
"Windstar 1",57774,"CA","Electric utility non-cogen","WT","WND"
"Windthorst-2",59238,"TX","Electric utility non-cogen","WT","WND"
"Windwalkers LLC",58071,"IA","Electric utility non-cogen","WT","WND"
"Windy Dog I LLC",56579,"MN","Electric utility non-cogen","WT","WND"
"Windy Flats Wind Project",57159,"WA","Electric utility non-cogen","WT","WND"
"Winnebago Wind Power Project",56764,"IA","Electric utility non-cogen","WT","WND"
"Wintec Energy Ltd",50276,"CA","Electric utility non-cogen","WT","WND"
"Winters Spawn LLC",55567,"MN","Electric utility non-cogen","WT","WND"
"Wiota",58461,"IA","Electric utility non-cogen","WT","WND"
"Wolf Ridge Wind",58080,"TX","Electric utility non-cogen","WT","WND"
"Wolf Wind Enterprises LLC",56589,"MN","Electric utility non-cogen","WT","WND"
"Wolverine",57631,"IA","Electric utility non-cogen","WT","WND"
"Wolverine Creek",56301,"ID","Electric utility non-cogen","WT","WND"
"Woodstock Windfarm",55342,"MN","Electric utility non-cogen","WT","WND"
"Woodward Mountain I",55796,"TX","Electric utility non-cogen","WT","WND"
"Woodward Mountain II",55795,"TX","Electric utility non-cogen","WT","WND"
"Worthington",2024,"MN","Electric utility","WT,IC","WND,DFO"
"Yahoo Creek",57126,"ID","Electric utility non-cogen","WT","WND"
"ZCO",56276,"CA","Electric utility non-cogen","WT","WND"
"Zephyr Wind",60128,"OH","Industrial non-cogen","WT","WND"
"Zotos International WPGF",57648,"NY","Industrial non-cogen","WT","WND"